pc_time,fn,r0_raw,r0_hampel_gate,r0_filtered_ewma,r1,r2,glitch_flag,N,alpha,k1
2026-06-16 11:01:23,10501,0.887585,0.887585,0.893579,1.371382,1.550699,0,7,0.40,3.0
2026-06-16 11:01:23,10502,0.863615,0.898014,0.895353,1.371382,1.550699,1,7,0.40,3.0
2026-06-16 11:01:23,10503,0.863028,0.863028,0.882423,1.371382,1.550699,0,7,0.40,3.0
2026-06-16 11:01:23,10504,0.857745,0.857745,0.872552,1.371382,1.550699,0,7,0.40,3.0
2026-06-16 11:01:24,10505,0.848731,0.848731,0.863024,1.371382,1.550699,0,7,0.40,3.0
2026-06-16 11:01:24,10506,0.851802,0.851802,0.858535,1.371382,1.550699,0,7,0.40,3.0
2026-06-16 11:01:24,10507,0.852576,0.852576,0.856151,1.371382,1.550699,0,7,0.40,3.0
2026-06-16 11:01:24,10508,0.854568,0.854568,0.855518,1.371382,1.550699,0,7,0.40,3.0
2026-06-16 11:01:24,10509,0.859117,0.859117,0.856958,1.371382,1.550699,0,7,0.40,3.0
2026-06-16 11:01:24,10510,0.862976,0.862976,0.859365,1.371382,1.550699,0,7,0.40,3.0
2026-06-16 11:01:24,10511,0.879429,0.879429,0.867391,1.371382,1.550699,0,7,0.40,3.0
2026-06-16 11:01:24,10512,0.897932,0.897932,0.879607,1.192065,1.371382,0,7,0.40,3.0
2026-06-16 11:01:24,10513,0.901598,0.901598,0.888403,1.371382,1.550699,0,7,0.40,3.0
2026-06-16 11:01:24,10514,0.848836,0.848836,0.872576,0.923090,1.371382,0,7,0.40,3.0
2026-06-16 11:01:24,10515,0.851103,0.851103,0.863987,1.371382,1.550699,0,7,0.40,3.0
2026-06-16 11:01:24,10516,0.852987,0.852987,0.859587,1.371382,1.550699,0,7,0.40,3.0
2026-06-16 11:01:24,10517,0.856808,0.856808,0.858475,1.371382,1.550699,0,7,0.40,3.0
2026-06-16 11:01:24,10518,0.863948,0.863948,0.860664,1.371382,1.550699,0,7,0.40,3.0
2026-06-16 11:01:24,10519,0.870559,0.870559,0.864622,1.371382,1.550699,0,7,0.40,3.0
2026-06-16 11:01:24,10520,0.885614,0.885614,0.873019,1.371382,1.550699,0,7,0.40,3.0
2026-06-16 11:01:24,10521,1.191212,0.863948,0.869391,1.371382,1.550699,1,7,0.40,3.0
2026-06-16 11:01:24,10522,0.854903,0.854903,0.863596,1.371382,1.550699,0,7,0.40,3.0
2026-06-16 11:01:24,10523,0.857690,0.857690,0.861233,1.371382,1.550699,0,7,0.40,3.0
2026-06-16 11:01:24,10524,0.858591,0.858591,0.860176,1.371382,1.550699,0,7,0.40,3.0
2026-06-16 11:01:24,10525,0.860222,0.860222,0.860195,1.371382,1.550699,0,7,0.40,3.0
2026-06-16 11:01:25,10526,0.860769,0.860769,0.860424,1.371382,1.550699,0,7,0.40,3.0
2026-06-16 11:01:25,10527,0.862476,0.862476,0.861245,1.371382,1.550699,0,7,0.40,3.0
2026-06-16 11:01:25,10528,0.862436,0.862436,0.861721,1.371382,1.550699,0,7,0.40,3.0
2026-06-16 11:01:25,10529,0.859727,0.859727,0.860924,1.371382,1.550699,0,7,0.40,3.0
2026-06-16 11:01:25,10530,0.856045,0.856045,0.858972,1.371382,1.550699,0,7,0.40,3.0
2026-06-16 11:01:25,10531,0.854755,0.854755,0.857285,1.371382,1.550699,0,7,0.40,3.0
2026-06-16 11:01:25,10532,0.855296,0.855296,0.856490,1.371382,1.550699,0,7,0.40,3.0
2026-06-16 11:01:25,10533,0.854730,0.854730,0.855786,1.371382,1.550699,0,7,0.40,3.0
2026-06-16 11:01:25,10534,0.853941,0.853941,0.855048,1.371382,1.550699,0,7,0.40,3.0
2026-06-16 11:01:25,10535,0.854004,0.854004,0.854630,1.371382,1.550699,0,7,0.40,3.0
2026-06-16 11:01:25,10536,0.853757,0.853757,0.854281,1.371382,1.550699,0,7,0.40,3.0
2026-06-16 11:01:25,10537,0.853416,0.853416,0.853935,1.371382,1.550699,0,7,0.40,3.0
2026-06-16 11:01:25,10538,0.854017,0.854017,0.853968,1.371382,1.550699,0,7,0.40,3.0
2026-06-16 11:01:25,10539,0.853970,0.853970,0.853969,1.371382,1.550699,0,7,0.40,3.0
2026-06-16 11:01:25,10540,0.853761,0.853761,0.853886,1.371382,1.550699,0,7,0.40,3.0
2026-06-16 11:01:25,10541,0.853511,0.853511,0.853736,1.371382,1.550699,0,7,0.40,3.0
2026-06-16 11:01:25,10542,0.853316,0.853316,0.853568,1.371382,1.550699,0,7,0.40,3.0
2026-06-16 11:01:25,10543,0.846332,0.846332,0.850674,1.371382,1.550699,0,7,0.40,3.0
2026-06-16 11:01:25,10544,0.847451,0.847451,0.849385,1.371382,1.550699,0,7,0.40,3.0
2026-06-16 11:01:25,10545,0.850642,0.850642,0.849888,1.371382,1.550699,0,7,0.40,3.0
2026-06-16 11:01:25,10546,0.850198,0.850198,0.850012,1.371382,1.550699,0,7,0.40,3.0
2026-06-16 11:01:26,10547,0.854752,0.854752,0.851908,1.371382,1.550699,0,7,0.40,3.0
2026-06-16 11:01:26,10548,0.859244,0.859244,0.854842,1.192065,1.371382,0,7,0.40,3.0
2026-06-16 11:01:26,10549,0.854778,0.854778,0.854817,1.371382,1.550699,0,7,0.40,3.0
2026-06-16 11:01:26,10550,0.852224,0.852224,0.853780,1.371382,1.550699,0,7,0.40,3.0
2026-06-16 11:01:26,10551,0.885606,0.854752,0.854169,1.192065,1.371382,1,7,0.40,3.0
2026-06-16 11:01:26,10552,0.846938,0.846938,0.851276,1.371382,1.550699,0,7,0.40,3.0
2026-06-16 11:01:26,10553,0.852300,0.852300,0.851686,1.371382,1.550699,0,7,0.40,3.0
2026-06-16 11:01:26,10554,0.851558,0.851558,0.851635,1.371382,1.550699,0,7,0.40,3.0
2026-06-16 11:01:26,10555,0.845107,0.845107,0.849024,0.923090,1.371382,0,7,0.40,3.0
2026-06-16 11:01:26,10556,0.902013,0.852224,0.850304,1.371382,1.550699,1,7,0.40,3.0
2026-06-16 11:01:26,10557,0.891846,0.891846,0.866921,1.371382,1.550699,0,7,0.40,3.0
2026-06-16 11:01:26,10558,0.884089,0.884089,0.873788,1.371382,1.550699,0,7,0.40,3.0
2026-06-16 11:01:26,10559,0.878773,0.878773,0.875782,1.371382,1.550699,0,7,0.40,3.0
2026-06-16 11:01:26,10560,0.871241,0.871241,0.873966,1.371382,1.550699,0,7,0.40,3.0
2026-06-16 11:01:26,10561,0.868598,0.868598,0.871819,1.371382,1.550699,0,7,0.40,3.0
2026-06-16 11:01:26,10562,0.868356,0.868356,0.870434,1.371382,1.550699,0,7,0.40,3.0
2026-06-16 11:01:26,10563,0.864831,0.864831,0.868193,1.371382,1.550699,0,7,0.40,3.0
2026-06-16 11:01:26,10564,0.859845,0.859845,0.864854,1.371382,1.550699,0,7,0.40,3.0
2026-06-16 11:01:26,10565,0.853539,0.853539,0.860328,1.371382,1.550699,0,7,0.40,3.0
2026-06-16 11:01:26,10566,0.848090,0.848090,0.855433,0.923090,1.371382,0,7,0.40,3.0
2026-06-16 11:01:27,10567,0.906673,0.864831,0.859192,0.923090,1.371382,1,7,0.40,3.0
2026-06-16 11:01:27,10568,0.905526,0.905526,0.877726,0.923090,1.371382,0,7,0.40,3.0
2026-06-16 11:01:27,10569,0.900834,0.900834,0.886969,1.371382,1.550699,0,7,0.40,3.0
2026-06-16 11:01:27,10570,0.872469,0.872469,0.881169,1.371382,1.550699,0,7,0.40,3.0
2026-06-16 11:01:27,10571,0.865387,0.865387,0.874856,1.371382,1.550699,0,7,0.40,3.0
2026-06-16 11:01:27,10572,0.869289,0.869289,0.872629,1.371382,1.550699,0,7,0.40,3.0
2026-06-16 11:01:27,10573,0.866249,0.866249,0.870077,1.371382,1.550699,0,7,0.40,3.0
2026-06-16 11:01:27,10574,0.858767,0.858767,0.865553,1.371382,1.550699,0,7,0.40,3.0
2026-06-16 11:01:27,10575,0.854807,0.854807,0.861255,0.923090,1.371382,0,7,0.40,3.0
2026-06-16 11:01:27,10576,0.852542,0.852542,0.857770,0.923090,1.371382,0,7,0.40,3.0
2026-06-16 11:01:27,10577,0.910303,0.865387,0.860817,0.923090,1.371382,1,7,0.40,3.0
2026-06-16 11:01:27,10578,0.854214,0.854214,0.858176,1.371382,1.550699,0,7,0.40,3.0
2026-06-16 11:01:27,10579,0.854592,0.854592,0.856742,0.923090,1.371382,0,7,0.40,3.0
2026-06-16 11:01:27,10580,0.854023,0.854023,0.855654,0.923090,1.371382,0,7,0.40,3.0
2026-06-16 11:01:27,10581,0.853646,0.853646,0.854851,0.923090,1.371382,0,7,0.40,3.0
2026-06-16 11:01:27,10582,0.853108,0.853108,0.854154,0.923090,1.371382,0,7,0.40,3.0
2026-06-16 11:01:27,10583,0.853062,0.853062,0.853717,1.371382,1.550699,0,7,0.40,3.0
2026-06-16 11:01:27,10584,0.852459,0.852459,0.853214,1.371382,1.550699,0,7,0.40,3.0
2026-06-16 11:01:27,10585,0.854718,0.854718,0.853816,1.371382,1.550699,0,7,0.40,3.0
2026-06-16 11:01:27,10586,0.854677,0.854677,0.854160,1.371382,1.550699,0,7,0.40,3.0
2026-06-16 11:01:28,10587,0.976922,0.853646,0.853954,1.371382,1.550699,1,7,0.40,3.0
2026-06-16 11:01:28,10588,1.189156,0.854677,0.854243,1.371382,1.550699,1,7,0.40,3.0
2026-06-16 11:01:28,10589,1.188951,0.854718,0.854433,1.371382,1.550699,1,7,0.40,3.0
2026-06-16 11:01:28,10590,0.857844,0.857844,0.855798,1.371382,1.550699,0,7,0.40,3.0
2026-06-16 11:01:28,10591,0.857743,0.857743,0.856576,1.371382,1.550699,0,7,0.40,3.0
2026-06-16 11:01:28,10592,0.858947,0.858947,0.857524,1.371382,1.550699,0,7,0.40,3.0
2026-06-16 11:01:28,10593,0.858284,0.858284,0.857828,1.371382,1.550699,0,7,0.40,3.0
2026-06-16 11:01:28,10594,0.859679,0.859679,0.858568,1.371382,1.550699,0,7,0.40,3.0
2026-06-16 11:01:28,10595,0.860953,0.860953,0.859522,1.371382,1.550699,0,7,0.40,3.0
2026-06-16 11:01:28,10596,0.862122,0.862122,0.860562,1.371382,1.550699,0,7,0.40,3.0
2026-06-16 11:01:28,10597,0.862157,0.862157,0.861200,1.371382,1.550699,0,7,0.40,3.0
2026-06-16 11:01:28,10598,0.863138,0.863138,0.861975,1.371382,1.550699,0,7,0.40,3.0
2026-06-16 11:01:28,10599,0.862400,0.862400,0.862145,1.371382,1.550699,0,7,0.40,3.0
2026-06-16 11:01:28,10600,0.863258,0.863258,0.862590,1.371382,1.550699,0,7,0.40,3.0
2026-06-16 11:01:28,10601,0.862765,0.862765,0.862660,1.371382,1.550699,0,7,0.40,3.0
2026-06-16 11:01:28,10602,0.861904,0.861904,0.862358,1.371382,1.550699,0,7,0.40,3.0
2026-06-16 11:01:28,10603,0.860755,0.860755,0.861717,1.371382,1.550699,0,7,0.40,3.0
2026-06-16 11:01:28,10604,0.859502,0.859502,0.860831,1.371382,1.550699,0,7,0.40,3.0
2026-06-16 11:01:28,10605,0.854705,0.854705,0.858380,1.371382,1.550699,0,7,0.40,3.0
2026-06-16 11:01:28,10606,0.854373,0.854373,0.856777,1.371382,1.550699,0,7,0.40,3.0
2026-06-16 11:01:28,10607,0.854805,0.854805,0.855988,1.371382,1.550699,0,7,0.40,3.0
2026-06-16 11:01:29,10608,0.856340,0.856340,0.856129,1.371382,1.550699,0,7,0.40,3.0
2026-06-16 11:01:29,10609,0.853682,0.853682,0.855150,1.371382,1.550699,0,7,0.40,3.0
2026-06-16 11:01:29,10610,0.853321,0.853321,0.854419,1.371382,1.550699,0,7,0.40,3.0
2026-06-16 11:01:29,10611,0.850687,0.850687,0.852926,0.923090,1.371382,0,7,0.40,3.0
2026-06-16 11:01:29,10612,0.850042,0.850042,0.851772,0.923090,1.371382,0,7,0.40,3.0
2026-06-16 11:01:29,10613,0.850754,0.850754,0.851365,0.923090,1.371382,0,7,0.40,3.0
2026-06-16 11:01:29,10614,0.854306,0.854306,0.852541,1.192065,1.371382,0,7,0.40,3.0
2026-06-16 11:01:29,10615,0.858947,0.858947,0.855104,1.192065,1.371382,0,7,0.40,3.0
2026-06-16 11:01:29,10616,0.859147,0.859147,0.856721,1.192065,1.371382,0,7,0.40,3.0
2026-06-16 11:01:29,10617,0.855003,0.855003,0.856034,1.192065,1.371382,0,7,0.40,3.0
2026-06-16 11:01:29,10618,0.853231,0.853231,0.854913,0.923090,1.371382,0,7,0.40,3.0
2026-06-16 11:01:29,10619,0.860567,0.860567,0.857174,1.192065,1.371382,0,7,0.40,3.0
2026-06-16 11:01:29,10620,0.854892,0.854892,0.856261,1.371382,1.550699,0,7,0.40,3.0
2026-06-16 11:01:29,10621,0.853672,0.853672,0.855226,1.192065,1.371382,0,7,0.40,3.0
2026-06-16 11:01:29,10622,0.854324,0.854324,0.854865,1.371382,1.550699,0,7,0.40,3.0
2026-06-16 11:01:29,10623,0.852789,0.852789,0.854035,0.923090,1.371382,0,7,0.40,3.0
2026-06-16 11:01:29,10624,0.852936,0.852936,0.853595,0.923090,1.371382,0,7,0.40,3.0
2026-06-16 11:01:29,10625,0.854839,0.854839,0.854093,1.371382,1.550699,0,7,0.40,3.0
2026-06-16 11:01:29,10626,0.853549,0.853549,0.853875,0.923090,1.371382,0,7,0.40,3.0
2026-06-16 11:01:29,10627,0.853078,0.853078,0.853556,0.923090,1.371382,0,7,0.40,3.0
2026-06-16 11:01:30,10628,0.852588,0.852588,0.853169,1.192065,1.371382,0,7,0.40,3.0
2026-06-16 11:01:30,10629,0.852510,0.852510,0.852905,1.371382,1.550699,0,7,0.40,3.0
2026-06-16 11:01:30,10630,0.852729,0.852729,0.852835,1.371382,1.550699,0,7,0.40,3.0
2026-06-16 11:01:30,10631,0.851584,0.851584,0.852335,1.371382,1.550699,0,7,0.40,3.0
2026-06-16 11:01:30,10632,0.850298,0.850298,0.851520,1.371382,1.550699,0,7,0.40,3.0
2026-06-16 11:01:30,10633,0.852942,0.852942,0.852089,1.371382,1.550699,0,7,0.40,3.0
2026-06-16 11:01:30,10634,0.853132,0.853132,0.852506,1.371382,1.550699,0,7,0.40,3.0
2026-06-16 11:01:30,10635,0.850801,0.850801,0.851824,0.923090,1.371382,0,7,0.40,3.0
2026-06-16 11:01:30,10636,0.850509,0.850509,0.851298,0.923090,1.371382,0,7,0.40,3.0
2026-06-16 11:01:30,10637,0.850828,0.850828,0.851110,0.923090,1.371382,0,7,0.40,3.0
2026-06-16 11:01:30,10638,0.851045,0.851045,0.851084,0.923090,1.371382,0,7,0.40,3.0
2026-06-16 11:01:30,10639,0.851714,0.851714,0.851336,1.371382,1.550699,0,7,0.40,3.0
2026-06-16 11:01:30,10640,0.852365,0.852365,0.851748,1.192065,1.371382,0,7,0.40,3.0
2026-06-16 11:01:30,10641,0.854265,0.854265,0.852755,1.371382,1.550699,0,7,0.40,3.0
2026-06-16 11:01:30,10642,0.855100,0.855100,0.853693,1.371382,1.550699,0,7,0.40,3.0
2026-06-16 11:01:30,10643,0.854184,0.854184,0.853889,1.371382,1.550699,0,7,0.40,3.0
2026-06-16 11:01:30,10644,0.851997,0.851997,0.853132,1.371382,1.550699,0,7,0.40,3.0
2026-06-16 11:01:31,10645,0.850052,0.850052,0.851900,1.371382,1.550699,0,7,0.40,3.0
2026-06-16 11:01:31,10646,0.849306,0.849306,0.850863,1.371382,1.550699,0,7,0.40,3.0
2026-06-16 11:01:31,10647,0.848938,0.848938,0.850093,1.371382,1.550699,0,7,0.40,3.0
2026-06-16 11:01:31,10648,0.849753,0.849753,0.849957,1.371382,1.550699,0,7,0.40,3.0
2026-06-16 11:01:31,10649,0.850592,0.850592,0.850211,1.371382,1.550699,0,7,0.40,3.0
2026-06-16 11:01:31,10650,0.851341,0.851341,0.850663,1.371382,1.550699,0,7,0.40,3.0
2026-06-16 11:01:31,10651,0.851426,0.851426,0.850968,1.371382,1.550699,0,7,0.40,3.0
2026-06-16 11:01:31,10652,0.854050,0.854050,0.852201,1.371382,1.550699,0,7,0.40,3.0
2026-06-16 11:01:31,10653,0.854131,0.854131,0.852973,1.371382,1.550699,0,7,0.40,3.0
2026-06-16 11:01:31,10654,0.853246,0.853246,0.853082,1.371382,1.550699,0,7,0.40,3.0
2026-06-16 11:01:31,10655,0.854250,0.854250,0.853549,1.371382,1.550699,0,7,0.40,3.0
2026-06-16 11:01:31,10656,0.851473,0.851473,0.852719,1.371382,1.550699,0,7,0.40,3.0
2026-06-16 11:01:31,10657,0.850838,0.850838,0.851966,0.967919,1.371382,0,7,0.40,3.0
2026-06-16 11:01:31,10658,0.853418,0.853418,0.852547,1.371382,1.550699,0,7,0.40,3.0
2026-06-16 11:01:31,10659,0.852474,0.852474,0.852518,1.371382,1.550699,0,7,0.40,3.0
2026-06-16 11:01:31,10660,0.856279,0.856279,0.854022,1.371382,1.550699,0,7,0.40,3.0
2026-06-16 11:01:31,10661,0.857444,0.857444,0.855391,1.102407,1.371382,0,7,0.40,3.0
2026-06-16 11:01:31,10662,0.855043,0.855043,0.855252,1.102407,1.371382,0,7,0.40,3.0
2026-06-16 11:01:31,10663,0.850784,0.850784,0.853465,1.102407,1.371382,0,7,0.40,3.0
2026-06-16 11:01:31,10664,0.849259,0.849259,0.851782,1.371382,1.550699,0,7,0.40,3.0
2026-06-16 11:01:32,10665,0.850978,0.850978,0.851461,1.371382,1.550699,0,7,0.40,3.0
2026-06-16 11:01:32,10666,0.853049,0.853049,0.852096,1.371382,1.550699,0,7,0.40,3.0
2026-06-16 11:01:32,10667,0.855278,0.855278,0.853369,1.371382,1.550699,0,7,0.40,3.0
2026-06-16 11:01:32,10668,0.856519,0.856519,0.854629,1.371382,1.550699,0,7,0.40,3.0
2026-06-16 11:01:32,10669,0.862155,0.862155,0.857639,1.371382,1.550699,0,7,0.40,3.0
2026-06-16 11:01:32,10670,0.860639,0.860639,0.858839,1.371382,1.550699,0,7,0.40,3.0
2026-06-16 11:01:32,10671,0.855627,0.855627,0.857554,0.967919,1.371382,0,7,0.40,3.0
2026-06-16 11:01:32,10672,0.857104,0.857104,0.857374,0.967919,1.371382,0,7,0.40,3.0
2026-06-16 11:01:32,10673,0.856924,0.856924,0.857194,1.102407,1.371382,0,7,0.40,3.0
2026-06-16 11:01:32,10674,0.857012,0.857012,0.857121,1.102407,1.371382,0,7,0.40,3.0
2026-06-16 11:01:32,10675,0.855608,0.855608,0.856516,1.371382,1.550699,0,7,0.40,3.0
2026-06-16 11:01:32,10676,0.854550,0.854550,0.855730,1.371382,1.550699,0,7,0.40,3.0
2026-06-16 11:01:32,10677,0.853971,0.853971,0.855026,1.371382,1.550699,0,7,0.40,3.0
2026-06-16 11:01:32,10678,0.852540,0.852540,0.854032,1.371382,1.550699,0,7,0.40,3.0
2026-06-16 11:01:32,10679,0.852004,0.852004,0.853221,1.371382,1.550699,0,7,0.40,3.0
2026-06-16 11:01:32,10680,0.849594,0.849594,0.851770,1.371382,1.550699,0,7,0.40,3.0
2026-06-16 11:01:32,10681,0.849730,0.849730,0.850954,1.371382,1.550699,0,7,0.40,3.0
2026-06-16 11:01:32,10682,0.849921,0.849921,0.850541,1.371382,1.550699,0,7,0.40,3.0
2026-06-16 11:01:32,10683,0.849291,0.849291,0.850041,1.147236,1.371382,0,7,0.40,3.0
2026-06-16 11:01:32,10684,0.846410,0.846410,0.848589,1.147236,1.371382,0,7,0.40,3.0
2026-06-16 11:01:32,10685,0.846357,0.846357,0.847696,1.371382,1.550699,0,7,0.40,3.0
2026-06-16 11:01:33,10686,0.850290,0.850290,0.848734,1.147236,1.371382,0,7,0.40,3.0
2026-06-16 11:01:33,10687,0.849440,0.849440,0.849016,1.147236,1.371382,0,7,0.40,3.0
2026-06-16 11:01:33,10688,0.849698,0.849698,0.849289,1.371382,1.550699,0,7,0.40,3.0
2026-06-16 11:01:33,10689,0.852323,0.852323,0.850503,1.147236,1.371382,0,7,0.40,3.0
2026-06-16 11:01:33,10690,0.854354,0.854354,0.852043,0.967919,1.371382,0,7,0.40,3.0
2026-06-16 11:01:33,10691,0.845715,0.845715,0.849512,1.147236,1.371382,0,7,0.40,3.0
2026-06-16 11:01:33,10692,0.855204,0.855204,0.851789,0.967919,1.371382,0,7,0.40,3.0
2026-06-16 11:01:33,10693,0.856868,0.856868,0.853820,0.967919,1.371382,0,7,0.40,3.0
2026-06-16 11:01:33,10694,0.855623,0.855623,0.854541,1.192065,1.371382,0,7,0.40,3.0
2026-06-16 11:01:33,10695,0.856069,0.856069,0.855152,1.147236,1.371382,0,7,0.40,3.0
2026-06-16 11:01:33,10696,0.856682,0.856682,0.855764,1.147236,1.371382,0,7,0.40,3.0
2026-06-16 11:01:33,10697,0.856909,0.856909,0.856222,1.371382,1.550699,0,7,0.40,3.0
2026-06-16 11:01:33,10698,0.857882,0.857882,0.856886,1.371382,1.550699,0,7,0.40,3.0
2026-06-16 11:01:33,10699,0.858833,0.858833,0.857665,1.371382,1.550699,0,7,0.40,3.0
2026-06-16 11:01:33,10700,0.859392,0.859392,0.858356,1.371382,1.550699,0,7,0.40,3.0
2026-06-16 11:01:33,10701,0.851954,0.851954,0.855795,0.923090,1.102407,0,7,0.40,3.0
2026-06-16 11:01:33,10702,0.858173,0.858173,0.856746,1.371382,1.550699,0,7,0.40,3.0
2026-06-16 11:01:33,10703,0.856250,0.856250,0.856548,1.102407,1.371382,0,7,0.40,3.0
2026-06-16 11:01:33,10704,0.854766,0.854766,0.855835,0.967919,1.371382,0,7,0.40,3.0
2026-06-16 11:01:33,10705,0.859564,0.859564,0.857327,0.967919,1.371382,0,7,0.40,3.0
2026-06-16 11:01:34,10706,0.857805,0.857805,0.857518,0.967919,1.371382,0,7,0.40,3.0
2026-06-16 11:01:34,10707,0.861242,0.861242,0.859008,1.102407,1.371382,0,7,0.40,3.0
2026-06-16 11:01:34,10708,0.859376,0.859376,0.859155,1.192065,1.371382,0,7,0.40,3.0
2026-06-16 11:01:34,10709,0.857964,0.857964,0.858679,1.371382,1.550699,0,7,0.40,3.0
2026-06-16 11:01:34,10710,0.856715,0.856715,0.857893,1.371382,1.550699,0,7,0.40,3.0
2026-06-16 11:01:34,10711,0.854004,0.854004,0.856337,1.371382,1.550699,0,7,0.40,3.0
2026-06-16 11:01:34,10712,0.853968,0.853968,0.855390,1.371382,1.550699,0,7,0.40,3.0
2026-06-16 11:01:34,10713,0.853186,0.853186,0.854508,1.371382,1.550699,0,7,0.40,3.0
2026-06-16 11:01:34,10714,0.850689,0.850689,0.852981,1.371382,1.550699,0,7,0.40,3.0
2026-06-16 11:01:34,10715,0.850031,0.850031,0.851801,0.923090,1.371382,0,7,0.40,3.0
2026-06-16 11:01:34,10716,0.850274,0.850274,0.851190,0.923090,1.371382,0,7,0.40,3.0
2026-06-16 11:01:34,10717,0.851238,0.851238,0.851209,1.371382,1.550699,0,7,0.40,3.0
2026-06-16 11:01:34,10718,0.851815,0.851815,0.851452,1.371382,1.550699,0,7,0.40,3.0
2026-06-16 11:01:34,10719,0.852965,0.852965,0.852057,1.371382,1.550699,0,7,0.40,3.0
2026-06-16 11:01:34,10720,0.855871,0.855871,0.853583,1.371382,1.550699,0,7,0.40,3.0
2026-06-16 11:01:34,10721,0.858719,0.858719,0.855637,1.371382,1.550699,0,7,0.40,3.0
2026-06-16 11:01:34,10722,0.860045,0.860045,0.857400,1.371382,1.550699,0,7,0.40,3.0
2026-06-16 11:01:34,10723,0.859557,0.859557,0.858263,1.371382,1.550699,0,7,0.40,3.0
2026-06-16 11:01:34,10724,0.858640,0.858640,0.858414,1.371382,1.550699,0,7,0.40,3.0
2026-06-16 11:01:34,10725,0.858870,0.858870,0.858596,1.371382,1.550699,0,7,0.40,3.0
2026-06-16 11:01:35,10726,0.860609,0.860609,0.859401,1.371382,1.550699,0,7,0.40,3.0
2026-06-16 11:01:35,10727,0.865864,0.865864,0.861986,1.371382,1.550699,0,7,0.40,3.0
2026-06-16 11:01:35,10728,0.866401,0.866401,0.863752,1.371382,1.550699,0,7,0.40,3.0
2026-06-16 11:01:35,10729,0.866938,0.866938,0.865027,1.371382,1.550699,0,7,0.40,3.0
2026-06-16 11:01:35,10730,0.867631,0.867631,0.866068,1.371382,1.550699,0,7,0.40,3.0
2026-06-16 11:01:35,10731,0.868040,0.868040,0.866857,1.371382,1.550699,0,7,0.40,3.0
2026-06-16 11:01:35,10732,0.867925,0.867925,0.867284,1.371382,1.550699,0,7,0.40,3.0
2026-06-16 11:01:35,10733,0.867981,0.867981,0.867563,1.371382,1.550699,0,7,0.40,3.0
2026-06-16 11:01:35,10734,0.865089,0.865089,0.866573,1.371382,1.550699,0,7,0.40,3.0
2026-06-16 11:01:35,10735,0.874727,0.874727,0.869835,1.371382,1.550699,0,7,0.40,3.0
2026-06-16 11:01:35,10736,0.881868,0.867981,0.869093,1.371382,1.550699,1,7,0.40,3.0
2026-06-16 11:01:35,10737,0.875213,0.875213,0.871541,1.371382,1.550699,0,7,0.40,3.0
2026-06-16 11:01:35,10738,0.879913,0.879913,0.874890,1.371382,1.550699,0,7,0.40,3.0
2026-06-16 11:01:35,10739,0.878663,0.878663,0.876399,1.371382,1.550699,0,7,0.40,3.0
2026-06-16 11:01:35,10740,0.866953,0.866953,0.872621,1.371382,1.550699,0,7,0.40,3.0
2026-06-16 11:01:35,10741,0.866532,0.866532,0.870185,1.371382,1.550699,0,7,0.40,3.0
2026-06-16 11:01:35,10742,0.868380,0.868380,0.869463,1.371382,1.550699,0,7,0.40,3.0
2026-06-16 11:01:35,10743,0.866365,0.866365,0.868224,1.371382,1.550699,0,7,0.40,3.0
2026-06-16 11:01:35,10744,0.864372,0.864372,0.866683,1.371382,1.550699,0,7,0.40,3.0
2026-06-16 11:01:35,10745,0.854742,0.854742,0.861907,1.371382,1.550699,0,7,0.40,3.0
2026-06-16 11:01:35,10746,0.855448,0.855448,0.859323,1.371382,1.550699,0,7,0.40,3.0
2026-06-16 11:01:36,10747,0.854652,0.854652,0.857455,1.371382,1.550699,0,7,0.40,3.0
2026-06-16 11:01:36,10748,0.857182,0.857182,0.857346,1.371382,1.550699,0,7,0.40,3.0
2026-06-16 11:01:36,10749,0.862616,0.862616,0.859454,1.371382,1.550699,0,7,0.40,3.0
2026-06-16 11:01:36,10750,0.857855,0.857855,0.858814,1.371382,1.550699,0,7,0.40,3.0
2026-06-16 11:01:36,10751,0.858133,0.858133,0.858542,1.371382,1.550699,0,7,0.40,3.0
2026-06-16 11:01:36,10752,0.858143,0.858143,0.858382,1.371382,1.550699,0,7,0.40,3.0
2026-06-16 11:01:36,10753,0.859143,0.859143,0.858687,1.371382,1.550699,0,7,0.40,3.0
2026-06-16 11:01:36,10754,0.861162,0.861162,0.859677,1.371382,1.550699,0,7,0.40,3.0
2026-06-16 11:01:36,10755,0.866926,0.866926,0.862576,1.371382,1.550699,0,7,0.40,3.0
2026-06-16 11:01:36,10756,0.871195,0.871195,0.866024,1.371382,1.550699,0,7,0.40,3.0
2026-06-16 11:01:36,10757,0.873073,0.873073,0.868844,0.967919,1.371382,0,7,0.40,3.0
2026-06-16 11:01:36,10758,0.868366,0.868366,0.868653,0.967919,1.371382,0,7,0.40,3.0
2026-06-16 11:01:36,10759,0.865554,0.865554,0.867413,0.967919,1.371382,0,7,0.40,3.0
2026-06-16 11:01:36,10760,0.872872,0.872872,0.869597,1.371382,1.550699,0,7,0.40,3.0
2026-06-16 11:01:36,10761,0.869839,0.869839,0.869694,1.371382,1.550699,0,7,0.40,3.0
2026-06-16 11:01:36,10762,0.873563,0.873563,0.871241,1.371382,1.550699,0,7,0.40,3.0
2026-06-16 11:01:36,10763,0.867913,0.867913,0.869910,1.371382,1.550699,0,7,0.40,3.0
2026-06-16 11:01:36,10764,0.863884,0.863884,0.867500,1.371382,1.550699,0,7,0.40,3.0
2026-06-16 11:01:36,10765,0.866963,0.866963,0.867285,1.371382,1.550699,0,7,0.40,3.0
2026-06-16 11:01:36,10766,0.872618,0.872618,0.869418,1.371382,1.550699,0,7,0.40,3.0
2026-06-16 11:01:37,10767,0.873745,0.873745,0.871149,1.371382,1.550699,0,7,0.40,3.0
2026-06-16 11:01:37,10768,0.872907,0.872907,0.871852,1.371382,1.550699,0,7,0.40,3.0
2026-06-16 11:01:37,10769,0.873505,0.873505,0.872513,1.371382,1.550699,0,7,0.40,3.0
2026-06-16 11:01:37,10770,0.874415,0.874415,0.873274,1.371382,1.550699,0,7,0.40,3.0
2026-06-16 11:01:37,10771,0.875116,0.875116,0.874011,1.371382,1.550699,0,7,0.40,3.0
2026-06-16 11:01:37,10772,0.875709,0.875709,0.874690,1.371382,1.550699,0,7,0.40,3.0
2026-06-16 11:01:37,10773,0.873363,0.873363,0.874159,1.371382,1.550699,0,7,0.40,3.0
2026-06-16 11:01:37,10774,0.866961,0.866961,0.871280,1.371382,1.550699,0,7,0.40,3.0
2026-06-16 11:01:37,10775,0.864865,0.864865,0.868714,1.371382,1.550699,0,7,0.40,3.0
2026-06-16 11:01:37,10776,0.868222,0.868222,0.868517,1.371382,1.550699,0,7,0.40,3.0
2026-06-16 11:01:37,10777,0.869303,0.869303,0.868832,1.371382,1.550699,0,7,0.40,3.0
2026-06-16 11:01:37,10778,0.862408,0.862408,0.866262,1.192065,1.371382,0,7,0.40,3.0
2026-06-16 11:01:37,10779,0.857706,0.857706,0.862840,1.371382,1.550699,0,7,0.40,3.0
2026-06-16 11:01:37,10780,0.857782,0.857782,0.860817,1.371382,1.550699,0,7,0.40,3.0
2026-06-16 11:01:37,10781,0.869547,0.869547,0.864309,0.967919,1.371382,0,7,0.40,3.0
2026-06-16 11:01:37,10782,0.868887,0.868887,0.866140,0.967919,1.371382,0,7,0.40,3.0
2026-06-16 11:01:37,10783,0.864597,0.864597,0.865523,1.371382,1.550699,0,7,0.40,3.0
2026-06-16 11:01:37,10784,0.863251,0.863251,0.864614,1.371382,1.550699,0,7,0.40,3.0
2026-06-16 11:01:37,10785,0.860284,0.860284,0.862882,1.102407,1.371382,0,7,0.40,3.0
2026-06-16 11:01:37,10786,0.856553,0.856553,0.860350,1.371382,1.550699,0,7,0.40,3.0
2026-06-16 11:01:37,10787,0.858738,0.858738,0.859705,1.371382,1.550699,0,7,0.40,3.0
2026-06-16 11:01:38,10788,0.861058,0.861058,0.860246,1.371382,1.550699,0,7,0.40,3.0
2026-06-16 11:01:38,10789,0.860321,0.860321,0.860276,1.147236,1.371382,0,7,0.40,3.0
2026-06-16 11:01:38,10790,0.858716,0.858716,0.859652,1.371382,1.550699,0,7,0.40,3.0
2026-06-16 11:01:38,10791,0.859645,0.859645,0.859649,1.371382,1.550699,0,7,0.40,3.0
2026-06-16 11:01:38,10792,0.857368,0.857368,0.858737,1.192065,1.371382,0,7,0.40,3.0
2026-06-16 11:01:38,10793,0.856573,0.856573,0.857871,1.371382,1.550699,0,7,0.40,3.0
2026-06-16 11:01:38,10794,0.858687,0.858687,0.858198,1.371382,1.550699,0,7,0.40,3.0
2026-06-16 11:01:38,10795,0.858594,0.858594,0.858356,1.371382,1.550699,0,7,0.40,3.0
2026-06-16 11:01:38,10796,0.859894,0.859894,0.858971,1.371382,1.550699,0,7,0.40,3.0
2026-06-16 11:01:38,10797,0.861123,0.861123,0.859832,1.371382,1.550699,0,7,0.40,3.0
2026-06-16 11:01:38,10798,0.860414,0.860414,0.860065,1.371382,1.550699,0,7,0.40,3.0
2026-06-16 11:01:38,10799,0.859726,0.859726,0.859929,1.371382,1.550699,0,7,0.40,3.0
2026-06-16 11:01:38,10800,0.858286,0.858286,0.859272,1.371382,1.550699,0,7,0.40,3.0
2026-06-16 11:01:38,10801,0.860656,0.860656,0.859826,1.371382,1.550699,0,7,0.40,3.0
2026-06-16 11:01:38,10802,0.870996,0.870996,0.864294,1.102407,1.371382,0,7,0.40,3.0
2026-06-16 11:01:38,10803,0.881880,0.860656,0.862839,1.102407,1.371382,1,7,0.40,3.0
2026-06-16 11:01:38,10804,0.861938,0.861938,0.862478,1.102407,1.371382,0,7,0.40,3.0
2026-06-16 11:01:38,10805,0.855575,0.855575,0.859717,1.102407,1.371382,0,7,0.40,3.0
2026-06-16 11:01:38,10806,0.859047,0.859047,0.859449,1.371382,1.550699,0,7,0.40,3.0
2026-06-16 11:01:38,10807,0.860097,0.860097,0.859708,1.102407,1.371382,0,7,0.40,3.0
2026-06-16 11:01:39,10808,0.851223,0.851223,0.856314,1.371382,1.550699,0,7,0.40,3.0
2026-06-16 11:01:39,10809,0.851270,0.851270,0.854296,1.371382,1.550699,0,7,0.40,3.0
2026-06-16 11:01:39,10810,0.853168,0.853168,0.853845,1.371382,1.550699,0,7,0.40,3.0
2026-06-16 11:01:39,10811,0.852347,0.852347,0.853246,1.371382,1.550699,0,7,0.40,3.0
2026-06-16 11:01:39,10812,0.853651,0.853651,0.853408,1.371382,1.550699,0,7,0.40,3.0
2026-06-16 11:01:39,10813,0.854840,0.854840,0.853981,1.371382,1.550699,0,7,0.40,3.0
2026-06-16 11:01:39,10814,0.855172,0.855172,0.854457,1.371382,1.550699,0,7,0.40,3.0
2026-06-16 11:01:39,10815,0.855985,0.855985,0.855068,0.967919,1.371382,0,7,0.40,3.0
2026-06-16 11:01:39,10816,0.856182,0.856182,0.855514,0.967919,1.371382,0,7,0.40,3.0
2026-06-16 11:01:39,10817,0.853293,0.853293,0.854625,0.967919,1.371382,0,7,0.40,3.0
2026-06-16 11:01:39,10818,0.861567,0.861567,0.857402,1.371382,1.550699,0,7,0.40,3.0
2026-06-16 11:01:39,10819,0.870019,0.870019,0.862449,1.371382,1.550699,0,7,0.40,3.0
2026-06-16 11:01:39,10820,0.873032,0.873032,0.866682,1.371382,1.550699,0,7,0.40,3.0
2026-06-16 11:01:39,10821,0.875938,0.875938,0.870384,1.371382,1.550699,0,7,0.40,3.0
2026-06-16 11:01:39,10822,0.869544,0.869544,0.870048,1.371382,1.550699,0,7,0.40,3.0
2026-06-16 11:01:39,10823,0.872557,0.872557,0.871052,1.371382,1.550699,0,7,0.40,3.0
2026-06-16 11:01:40,10824,0.876207,0.876207,0.873114,1.192065,1.371382,0,7,0.40,3.0
2026-06-16 11:01:40,10825,0.880403,0.880403,0.876030,1.371382,1.550699,0,7,0.40,3.0
2026-06-16 11:01:40,10826,0.880499,0.880499,0.877817,1.371382,1.550699,0,7,0.40,3.0
2026-06-16 11:01:40,10827,0.879519,0.879519,0.878498,1.371382,1.550699,0,7,0.40,3.0
2026-06-16 11:01:40,10828,0.880015,0.880015,0.879105,1.371382,1.550699,0,7,0.40,3.0
2026-06-16 11:01:40,10829,0.879190,0.879190,0.879139,1.371382,1.550699,0,7,0.40,3.0
2026-06-16 11:01:40,10830,0.881227,0.881227,0.879974,1.192065,1.371382,0,7,0.40,3.0
2026-06-16 11:01:40,10831,0.882831,0.882831,0.881117,1.371382,1.550699,0,7,0.40,3.0
2026-06-16 11:01:40,10832,0.880094,0.880094,0.880708,1.371382,1.550699,0,7,0.40,3.0
2026-06-16 11:01:40,10833,0.873566,0.873566,0.877851,1.371382,1.550699,0,7,0.40,3.0
2026-06-16 11:01:40,10834,0.870300,0.870300,0.874831,1.371382,1.550699,0,7,0.40,3.0
2026-06-16 11:01:40,10835,0.866280,0.866280,0.871410,1.371382,1.550699,0,7,0.40,3.0
2026-06-16 11:01:40,10836,0.864725,0.864725,0.868736,1.371382,1.550699,0,7,0.40,3.0
2026-06-16 11:01:40,10837,0.860572,0.860572,0.865471,1.371382,1.550699,0,7,0.40,3.0
2026-06-16 11:01:40,10838,0.859159,0.859159,0.862946,1.371382,1.550699,0,7,0.40,3.0
2026-06-16 11:01:40,10839,0.864878,0.864878,0.863719,1.371382,1.550699,0,7,0.40,3.0
2026-06-16 11:01:40,10840,0.860467,0.860467,0.862418,1.371382,1.550699,0,7,0.40,3.0
2026-06-16 11:01:40,10841,0.856746,0.856746,0.860149,0.967919,1.371382,0,7,0.40,3.0
2026-06-16 11:01:40,10842,0.860248,0.860248,0.860189,1.371382,1.550699,0,7,0.40,3.0
2026-06-16 11:01:40,10843,0.853092,0.853092,0.857350,1.371382,1.550699,0,7,0.40,3.0
2026-06-16 11:01:40,10844,0.851687,0.851687,0.855085,1.371382,1.550699,0,7,0.40,3.0
2026-06-16 11:01:41,10845,0.851760,0.851760,0.853755,1.371382,1.550699,0,7,0.40,3.0
2026-06-16 11:01:41,10846,0.848140,0.848140,0.851509,1.371382,1.550699,0,7,0.40,3.0
2026-06-16 11:01:41,10847,0.938298,0.853092,0.852142,1.371382,1.550699,1,7,0.40,3.0
2026-06-16 11:01:41,10848,0.951392,0.853092,0.852522,1.371382,1.550699,1,7,0.40,3.0
2026-06-16 11:01:41,10849,0.966870,0.853092,0.852750,1.371382,1.550699,1,7,0.40,3.0
2026-06-16 11:01:41,10850,0.971273,0.971273,0.900159,1.371382,1.550699,0,7,0.40,3.0
2026-06-16 11:01:41,10851,0.860928,0.860928,0.884467,0.967919,1.371382,0,7,0.40,3.0
2026-06-16 11:01:41,10852,0.873500,0.873500,0.880080,1.371382,1.550699,0,7,0.40,3.0
2026-06-16 11:01:41,10853,0.869463,0.869463,0.875833,1.371382,1.550699,0,7,0.40,3.0
2026-06-16 11:01:41,10854,0.872977,0.872977,0.874691,1.371382,1.550699,0,7,0.40,3.0
2026-06-16 11:01:41,10855,0.879717,0.879717,0.876701,1.371382,1.550699,0,7,0.40,3.0
2026-06-16 11:01:41,10856,0.972178,0.873500,0.875421,1.371382,1.550699,1,7,0.40,3.0
2026-06-16 11:01:41,10857,0.848926,0.848926,0.864823,1.192065,1.371382,0,7,0.40,3.0
2026-06-16 11:01:41,10858,0.845169,0.845169,0.856961,1.371382,1.550699,0,7,0.40,3.0
2026-06-16 11:01:41,10859,0.854908,0.854908,0.856140,1.371382,1.550699,0,7,0.40,3.0
2026-06-16 11:01:41,10860,0.885171,0.885171,0.867752,1.371382,1.550699,0,7,0.40,3.0
2026-06-16 11:01:41,10861,0.887896,0.887896,0.875810,1.192065,1.371382,0,7,0.40,3.0
2026-06-16 11:01:41,10862,0.879439,0.879439,0.877262,1.192065,1.371382,0,7,0.40,3.0
2026-06-16 11:01:41,10863,0.881834,0.881834,0.879091,1.192065,1.371382,0,7,0.40,3.0
2026-06-16 11:01:41,10864,0.879282,0.879282,0.879167,1.192065,1.371382,0,7,0.40,3.0
2026-06-16 11:01:42,10865,0.875071,0.875071,0.877529,1.192065,1.371382,0,7,0.40,3.0
2026-06-16 11:01:42,10866,0.875035,0.875035,0.876531,1.192065,1.371382,0,7,0.40,3.0
2026-06-16 11:01:42,10867,0.868953,0.868953,0.873500,1.192065,1.371382,0,7,0.40,3.0
2026-06-16 11:01:42,10868,0.869343,0.869343,0.871837,1.192065,1.371382,0,7,0.40,3.0
2026-06-16 11:01:42,10869,1.180776,0.875071,0.873131,1.371382,1.550699,1,7,0.40,3.0
2026-06-16 11:01:42,10870,1.180316,0.875071,0.873907,1.371382,1.550699,1,7,0.40,3.0
2026-06-16 11:01:42,10871,1.181067,0.875071,0.874372,1.371382,1.550699,1,7,0.40,3.0
2026-06-16 11:01:42,10872,0.863690,0.863690,0.870099,1.371382,1.550699,0,7,0.40,3.0
2026-06-16 11:01:42,10873,0.866569,0.866569,0.868687,1.192065,1.371382,0,7,0.40,3.0
2026-06-16 11:01:42,10874,0.867187,0.867187,0.868087,1.371382,1.550699,0,7,0.40,3.0
2026-06-16 11:01:42,10875,0.870018,0.870018,0.868860,1.192065,1.371382,0,7,0.40,3.0
2026-06-16 11:01:42,10876,0.869550,0.869550,0.869136,1.192065,1.371382,0,7,0.40,3.0
2026-06-16 11:01:42,10877,0.870416,0.870416,0.869648,1.371382,1.550699,0,7,0.40,3.0
2026-06-16 11:01:42,10878,0.873842,0.873842,0.871325,1.371382,1.550699,0,7,0.40,3.0
2026-06-16 11:01:42,10879,0.872752,0.872752,0.871896,1.192065,1.371382,0,7,0.40,3.0
2026-06-16 11:01:42,10880,0.872663,0.872663,0.872203,1.192065,1.371382,0,7,0.40,3.0
2026-06-16 11:01:42,10881,0.870060,0.870060,0.871346,1.192065,1.371382,0,7,0.40,3.0
2026-06-16 11:01:42,10882,0.867422,0.867422,0.869776,1.371382,1.550699,0,7,0.40,3.0
2026-06-16 11:01:42,10883,0.864703,0.864703,0.867747,1.371382,1.550699,0,7,0.40,3.0
2026-06-16 11:01:42,10884,0.863719,0.863719,0.866136,1.192065,1.371382,0,7,0.40,3.0
2026-06-16 11:01:42,10885,0.865869,0.865869,0.866029,1.371382,1.550699,0,7,0.40,3.0
2026-06-16 11:01:43,10886,0.866454,0.866454,0.866199,1.371382,1.550699,0,7,0.40,3.0
2026-06-16 11:01:43,10887,0.867066,0.867066,0.866546,1.192065,1.371382,0,7,0.40,3.0
2026-06-16 11:01:43,10888,0.867921,0.867921,0.867096,1.192065,1.371382,0,7,0.40,3.0
2026-06-16 11:01:43,10889,0.866080,0.866080,0.866690,1.371382,1.550699,0,7,0.40,3.0
2026-06-16 11:01:43,10890,0.866009,0.866009,0.866417,1.371382,1.550699,0,7,0.40,3.0
2026-06-16 11:01:43,10891,0.867120,0.867120,0.866698,1.371382,1.550699,0,7,0.40,3.0
2026-06-16 11:01:43,10892,0.867266,0.867266,0.866925,1.371382,1.550699,0,7,0.40,3.0
2026-06-16 11:01:43,10893,0.866500,0.866500,0.866755,1.371382,1.550699,0,7,0.40,3.0
2026-06-16 11:01:43,10894,0.864740,0.864740,0.865949,1.371382,1.550699,0,7,0.40,3.0
2026-06-16 11:01:43,10895,0.864185,0.864185,0.865243,1.371382,1.550699,0,7,0.40,3.0
2026-06-16 11:01:43,10896,0.864585,0.864585,0.864980,1.192065,1.371382,0,7,0.40,3.0
2026-06-16 11:01:43,10897,0.867048,0.867048,0.865807,1.371382,1.550699,0,7,0.40,3.0
2026-06-16 11:01:43,10898,0.869137,0.869137,0.867139,1.371382,1.550699,0,7,0.40,3.0
2026-06-16 11:01:43,10899,0.867225,0.867225,0.867173,1.192065,1.371382,0,7,0.40,3.0
2026-06-16 11:01:43,10900,0.864950,0.864950,0.866284,1.371382,1.550699,0,7,0.40,3.0
2026-06-16 11:01:43,10901,0.864757,0.864757,0.865673,1.192065,1.371382,0,7,0.40,3.0
2026-06-16 11:01:43,10902,0.863556,0.863556,0.864826,1.371382,1.550699,0,7,0.40,3.0
2026-06-16 11:01:43,10903,0.862374,0.862374,0.863845,1.192065,1.371382,0,7,0.40,3.0
2026-06-16 11:01:43,10904,0.861560,0.861560,0.862931,1.371382,1.550699,0,7,0.40,3.0
2026-06-16 11:01:43,10905,0.859138,0.859138,0.861414,1.192065,1.371382,0,7,0.40,3.0
2026-06-16 11:01:43,10906,0.858547,0.858547,0.860267,1.192065,1.371382,0,7,0.40,3.0
2026-06-16 11:01:44,10907,0.858319,0.858319,0.859488,0.967919,1.371382,0,7,0.40,3.0
2026-06-16 11:01:44,10908,0.859643,0.859643,0.859550,1.192065,1.371382,0,7,0.40,3.0
2026-06-16 11:01:44,10909,0.860115,0.860115,0.859776,1.192065,1.371382,0,7,0.40,3.0
2026-06-16 11:01:44,10910,0.860615,0.860615,0.860112,1.192065,1.371382,0,7,0.40,3.0
2026-06-16 11:01:44,10911,0.861019,0.861019,0.860475,1.192065,1.371382,0,7,0.40,3.0
2026-06-16 11:01:44,10912,0.861673,0.861673,0.860954,0.967919,1.371382,0,7,0.40,3.0
2026-06-16 11:01:44,10913,0.863183,0.863183,0.861846,1.371382,1.550699,0,7,0.40,3.0
2026-06-16 11:01:44,10914,0.863302,0.863302,0.862428,0.967919,1.371382,0,7,0.40,3.0
2026-06-16 11:01:44,10915,0.863665,0.863665,0.862923,1.371382,1.550699,0,7,0.40,3.0
2026-06-16 11:01:44,10916,0.861532,0.861532,0.862367,0.967919,1.371382,0,7,0.40,3.0
2026-06-16 11:01:44,10917,0.860922,0.860922,0.861789,0.967919,1.371382,0,7,0.40,3.0
2026-06-16 11:01:44,10919,0.860949,0.860949,0.861453,1.371382,1.550699,0,7,0.40,3.0
2026-06-16 11:01:44,10920,0.861671,0.861671,0.861540,1.192065,1.371382,0,7,0.40,3.0
2026-06-16 11:01:44,10921,0.859376,0.859376,0.860674,1.371382,1.550699,0,7,0.40,3.0
2026-06-16 11:01:44,10922,0.861138,0.861138,0.860860,1.192065,1.371382,0,7,0.40,3.0
2026-06-16 11:01:44,10923,0.862079,0.862079,0.861348,1.371382,1.550699,0,7,0.40,3.0
2026-06-16 11:01:44,10924,0.860837,0.860837,0.861143,0.967919,1.371382,0,7,0.40,3.0
2026-06-16 11:01:44,10925,0.860711,0.860711,0.860970,1.371382,1.550699,0,7,0.40,3.0
2026-06-16 11:01:44,10926,0.860059,0.860059,0.860606,1.371382,1.550699,0,7,0.40,3.0
2026-06-16 11:01:45,10927,0.859462,0.859462,0.860148,1.371382,1.550699,0,7,0.40,3.0
2026-06-16 11:01:45,10928,0.858191,0.858191,0.859365,1.371382,1.550699,0,7,0.40,3.0
2026-06-16 11:01:45,10929,0.858252,0.858252,0.858920,1.371382,1.550699,0,7,0.40,3.0
2026-06-16 11:01:45,10930,0.858021,0.858021,0.858560,1.192065,1.371382,0,7,0.40,3.0
2026-06-16 11:01:45,10931,0.859009,0.859009,0.858740,1.192065,1.371382,0,7,0.40,3.0
2026-06-16 11:01:45,10932,0.858927,0.858927,0.858815,1.371382,1.550699,0,7,0.40,3.0
2026-06-16 11:01:45,10933,0.859641,0.859641,0.859145,1.371382,1.550699,0,7,0.40,3.0
2026-06-16 11:01:45,10934,0.860160,0.860160,0.859551,1.192065,1.371382,0,7,0.40,3.0
2026-06-16 11:01:45,10935,0.859946,0.859946,0.859709,1.192065,1.371382,0,7,0.40,3.0
2026-06-16 11:01:45,10936,0.859240,0.859240,0.859521,1.371382,1.550699,0,7,0.40,3.0
2026-06-16 11:01:45,10937,0.857984,0.857984,0.858906,1.371382,1.550699,0,7,0.40,3.0
2026-06-16 11:01:45,10938,0.857363,0.857363,0.858289,1.371382,1.550699,0,7,0.40,3.0
2026-06-16 11:01:45,10939,0.855424,0.855424,0.857143,1.371382,1.550699,0,7,0.40,3.0
2026-06-16 11:01:45,10940,0.855793,0.855793,0.856603,1.192065,1.371382,0,7,0.40,3.0
2026-06-16 11:01:45,10941,0.854848,0.854848,0.855901,1.371382,1.550699,0,7,0.40,3.0
2026-06-16 11:01:45,10942,0.855798,0.855798,0.855860,1.371382,1.550699,0,7,0.40,3.0
2026-06-16 11:01:45,10943,0.856242,0.856242,0.856013,1.192065,1.371382,0,7,0.40,3.0
2026-06-16 11:01:45,10944,0.856409,0.856409,0.856171,1.192065,1.371382,0,7,0.40,3.0
2026-06-16 11:01:45,10945,0.856394,0.856394,0.856260,1.371382,1.550699,0,7,0.40,3.0
2026-06-16 11:01:45,10946,0.856517,0.856517,0.856363,1.371382,1.550699,0,7,0.40,3.0
2026-06-16 11:01:45,10947,0.856290,0.856290,0.856334,1.371382,1.550699,0,7,0.40,3.0
2026-06-16 11:01:46,10948,0.855890,0.855890,0.856156,1.371382,1.550699,0,7,0.40,3.0
2026-06-16 11:01:46,10949,0.855303,0.855303,0.855815,1.371382,1.550699,0,7,0.40,3.0
2026-06-16 11:01:46,10950,0.854981,0.854981,0.855481,1.192065,1.371382,0,7,0.40,3.0
2026-06-16 11:01:46,10951,0.853351,0.853351,0.854629,1.371382,1.550699,0,7,0.40,3.0
2026-06-16 11:01:46,10952,0.852310,0.852310,0.853702,0.923090,1.371382,0,7,0.40,3.0
2026-06-16 11:01:46,10953,0.852974,0.852974,0.853411,1.371382,1.550699,0,7,0.40,3.0
2026-06-16 11:01:46,10954,0.854067,0.854067,0.853673,1.371382,1.550699,0,7,0.40,3.0
2026-06-16 11:01:46,10955,0.856727,0.856727,0.854895,1.192065,1.371382,0,7,0.40,3.0
2026-06-16 11:01:46,10956,0.857583,0.857583,0.855970,1.192065,1.371382,0,7,0.40,3.0
2026-06-16 11:01:46,10957,0.858310,0.858310,0.856906,1.371382,1.550699,0,7,0.40,3.0
2026-06-16 11:01:46,10958,0.859987,0.859987,0.858138,1.192065,1.371382,0,7,0.40,3.0
2026-06-16 11:01:46,10959,0.861087,0.861087,0.859318,1.192065,1.371382,0,7,0.40,3.0
2026-06-16 11:01:46,10960,0.859367,0.859367,0.859338,1.371382,1.550699,0,7,0.40,3.0
2026-06-16 11:01:46,10961,0.857435,0.857435,0.858577,1.371382,1.550699,0,7,0.40,3.0
2026-06-16 11:01:46,10962,0.852572,0.852572,0.856175,0.923090,1.371382,0,7,0.40,3.0
2026-06-16 11:01:46,10963,0.849312,0.849312,0.853430,0.923090,1.371382,0,7,0.40,3.0
2026-06-16 11:01:46,10964,0.849934,0.849934,0.852031,0.923090,1.371382,0,7,0.40,3.0
2026-06-16 11:01:47,10965,0.851785,0.851785,0.851933,1.371382,1.550699,0,7,0.40,3.0
2026-06-16 11:01:47,10966,0.850881,0.850881,0.851512,0.923090,1.371382,0,7,0.40,3.0
2026-06-16 11:01:47,10967,0.851549,0.851549,0.851527,0.923090,1.371382,0,7,0.40,3.0
2026-06-16 11:01:47,10968,0.853755,0.853755,0.852418,1.371382,1.550699,0,7,0.40,3.0
2026-06-16 11:01:47,10969,0.855133,0.855133,0.853504,1.371382,1.550699,0,7,0.40,3.0
2026-06-16 11:01:47,10970,0.851704,0.851704,0.852784,0.923090,1.371382,0,7,0.40,3.0
2026-06-16 11:01:47,10971,0.902098,0.851785,0.852384,0.923090,1.371382,1,7,0.40,3.0
2026-06-16 11:01:47,10972,0.902583,0.853755,0.852933,1.371382,1.550699,1,7,0.40,3.0
2026-06-16 11:01:47,10973,0.896116,0.855133,0.853813,0.967919,1.371382,1,7,0.40,3.0
2026-06-16 11:01:47,10974,0.886835,0.886835,0.867022,0.967919,1.371382,0,7,0.40,3.0
2026-06-16 11:01:47,10975,0.994784,0.896116,0.878659,1.371382,1.550699,1,7,0.40,3.0
2026-06-16 11:01:47,10976,0.983605,0.902098,0.888035,1.371382,1.550699,1,7,0.40,3.0
2026-06-16 11:01:47,10977,0.975387,0.975387,0.922976,1.371382,1.550699,0,7,0.40,3.0
2026-06-16 11:01:47,10978,0.854711,0.854711,0.895670,0.967919,1.371382,0,7,0.40,3.0
2026-06-16 11:01:47,10979,0.856559,0.856559,0.880025,0.967919,1.371382,0,7,0.40,3.0
2026-06-16 11:01:47,10980,0.855953,0.855953,0.870396,1.371382,1.550699,0,7,0.40,3.0
2026-06-16 11:01:47,10981,0.855884,0.855884,0.864591,1.371382,1.550699,0,7,0.40,3.0
2026-06-16 11:01:47,10982,0.856927,0.856927,0.861526,1.371382,1.550699,0,7,0.40,3.0
2026-06-16 11:01:47,10983,0.857010,0.857010,0.859719,1.371382,1.550699,0,7,0.40,3.0
2026-06-16 11:01:47,10984,0.859060,0.859060,0.859456,1.371382,1.550699,0,7,0.40,3.0
2026-06-16 11:01:47,10985,0.866349,0.866349,0.862213,1.371382,1.550699,0,7,0.40,3.0
2026-06-16 11:01:48,10986,0.869712,0.869712,0.865213,1.371382,1.550699,0,7,0.40,3.0
2026-06-16 11:01:48,10987,0.877969,0.877969,0.870315,1.371382,1.550699,0,7,0.40,3.0
2026-06-16 11:01:48,10988,0.885915,0.885915,0.876555,1.371382,1.550699,0,7,0.40,3.0
2026-06-16 11:01:48,10989,0.873466,0.873466,0.875319,1.371382,1.550699,0,7,0.40,3.0
2026-06-16 11:01:48,10990,0.870311,0.870311,0.873316,1.371382,1.550699,0,7,0.40,3.0
2026-06-16 11:01:48,10991,0.868814,0.868814,0.871515,1.371382,1.550699,0,7,0.40,3.0
2026-06-16 11:01:48,10992,0.868176,0.868176,0.870180,1.371382,1.550699,0,7,0.40,3.0
2026-06-16 11:01:48,10993,0.866569,0.866569,0.868735,1.371382,1.550699,0,7,0.40,3.0
2026-06-16 11:01:48,10994,0.863515,0.863515,0.866647,1.371382,1.550699,0,7,0.40,3.0
2026-06-16 11:01:48,10995,0.861367,0.861367,0.864535,1.371382,1.550699,0,7,0.40,3.0
2026-06-16 11:01:48,10996,0.856993,0.856993,0.861518,1.192065,1.371382,0,7,0.40,3.0
2026-06-16 11:01:48,10997,0.857595,0.857595,0.859949,1.371382,1.550699,0,7,0.40,3.0
2026-06-16 11:01:48,10998,0.858921,0.858921,0.859538,1.371382,1.550699,0,7,0.40,3.0
2026-06-16 11:01:48,10999,0.857053,0.857053,0.858544,1.371382,1.550699,0,7,0.40,3.0
2026-06-16 11:01:48,11000,0.864208,0.864208,0.860810,1.371382,1.550699,0,7,0.40,3.0
2026-06-16 11:01:48,11001,0.867356,0.867356,0.863428,1.371382,1.550699,0,7,0.40,3.0
2026-06-16 11:01:48,11002,0.871135,0.871135,0.866511,1.371382,1.550699,0,7,0.40,3.0
2026-06-16 11:01:48,11003,0.868435,0.868435,0.867281,1.371382,1.550699,0,7,0.40,3.0
2026-06-16 11:01:48,11004,0.863594,0.863594,0.865806,1.371382,1.550699,0,7,0.40,3.0
2026-06-16 11:01:48,11005,0.865428,0.865428,0.865655,1.371382,1.550699,0,7,0.40,3.0
2026-06-16 11:01:49,11006,0.870017,0.870017,0.867400,1.371382,1.550699,0,7,0.40,3.0
2026-06-16 11:01:49,11007,0.871478,0.871478,0.869031,1.371382,1.550699,0,7,0.40,3.0
2026-06-16 11:01:49,11008,0.871822,0.871822,0.870147,1.371382,1.550699,0,7,0.40,3.0
2026-06-16 11:01:49,11009,0.871324,0.871324,0.870618,1.371382,1.550699,0,7,0.40,3.0
2026-06-16 11:01:49,11010,0.868891,0.868891,0.869927,1.371382,1.550699,0,7,0.40,3.0
2026-06-16 11:01:49,11011,0.866362,0.866362,0.868501,1.371382,1.550699,0,7,0.40,3.0
2026-06-16 11:01:49,11012,0.863411,0.863411,0.866465,1.192065,1.371382,0,7,0.40,3.0
2026-06-16 11:01:49,11013,0.861668,0.861668,0.864546,0.967919,1.371382,0,7,0.40,3.0
2026-06-16 11:01:49,11014,0.856102,0.856102,0.861169,0.967919,1.371382,0,7,0.40,3.0
2026-06-16 11:01:49,11015,0.854803,0.854803,0.858622,0.967919,1.371382,0,7,0.40,3.0
2026-06-16 11:01:49,11016,0.859793,0.859793,0.859091,0.967919,1.371382,0,7,0.40,3.0
2026-06-16 11:01:49,11017,0.859405,0.859405,0.859216,0.967919,1.371382,0,7,0.40,3.0
2026-06-16 11:01:49,11018,0.861190,0.861190,0.860006,0.967919,1.371382,0,7,0.40,3.0
2026-06-16 11:01:49,11019,0.867641,0.867641,0.863060,0.967919,1.371382,0,7,0.40,3.0
2026-06-16 11:01:49,11020,0.870193,0.870193,0.865913,0.967919,1.371382,0,7,0.40,3.0
2026-06-16 11:01:49,11021,0.873286,0.873286,0.868862,1.371382,1.550699,0,7,0.40,3.0
2026-06-16 11:01:49,11022,0.872951,0.872951,0.870498,1.371382,1.550699,0,7,0.40,3.0
2026-06-16 11:01:49,11023,0.864959,0.864959,0.868282,1.147236,1.371382,0,7,0.40,3.0
2026-06-16 11:01:49,11024,0.872858,0.872858,0.870113,1.147236,1.371382,0,7,0.40,3.0
2026-06-16 11:01:49,11025,0.882088,0.882088,0.874903,1.012748,1.371382,0,7,0.40,3.0
2026-06-16 11:01:49,11026,0.889951,0.889951,0.880922,1.147236,1.371382,0,7,0.40,3.0
2026-06-16 11:01:50,11027,0.899406,0.899406,0.888316,0.967919,1.371382,0,7,0.40,3.0
2026-06-16 11:01:50,11028,0.905164,0.905164,0.895055,0.967919,1.371382,0,7,0.40,3.0
2026-06-16 11:01:50,11029,0.857220,0.857220,0.879921,0.967919,1.371382,0,7,0.40,3.0
2026-06-16 11:01:50,11030,0.862571,0.862571,0.872981,0.967919,1.371382,0,7,0.40,3.0
2026-06-16 11:01:50,11031,0.867018,0.867018,0.870596,1.371382,1.550699,0,7,0.40,3.0
2026-06-16 11:01:50,11032,0.874104,0.874104,0.871999,1.371382,1.550699,0,7,0.40,3.0
2026-06-16 11:01:50,11033,0.889743,0.889743,0.879097,1.371382,1.550699,0,7,0.40,3.0
2026-06-16 11:01:50,11034,0.893881,0.893881,0.885010,1.371382,1.550699,0,7,0.40,3.0
2026-06-16 11:01:50,11035,0.892468,0.892468,0.887993,1.371382,1.550699,0,7,0.40,3.0
2026-06-16 11:01:50,11036,0.888920,0.888920,0.888364,1.371382,1.550699,0,7,0.40,3.0
2026-06-16 11:01:50,11037,0.884667,0.884667,0.886885,1.371382,1.550699,0,7,0.40,3.0
2026-06-16 11:01:50,11038,0.880898,0.880898,0.884490,1.371382,1.550699,0,7,0.40,3.0
2026-06-16 11:01:50,11039,0.880852,0.880852,0.883035,1.371382,1.550699,0,7,0.40,3.0
2026-06-16 11:01:50,11040,0.879714,0.879714,0.881707,1.371382,1.550699,0,7,0.40,3.0
2026-06-16 11:01:50,11041,0.878487,0.878487,0.880419,1.371382,1.550699,0,7,0.40,3.0
2026-06-16 11:01:50,11042,0.879220,0.879220,0.879939,1.371382,1.550699,0,7,0.40,3.0
2026-06-16 11:01:50,11043,0.876639,0.876639,0.878619,1.371382,1.550699,0,7,0.40,3.0
2026-06-16 11:01:50,11044,0.877429,0.877429,0.878143,1.371382,1.550699,0,7,0.40,3.0
2026-06-16 11:01:50,11045,0.874555,0.874555,0.876708,1.371382,1.550699,0,7,0.40,3.0
2026-06-16 11:01:50,11046,0.870849,0.870849,0.874364,1.371382,1.550699,0,7,0.40,3.0
2026-06-16 11:01:50,11047,0.871066,0.871066,0.873045,1.371382,1.550699,0,7,0.40,3.0
2026-06-16 11:01:51,11048,0.895233,0.895233,0.881920,0.967919,1.371382,0,7,0.40,3.0
2026-06-16 11:01:51,11049,0.896733,0.896733,0.887845,0.967919,1.371382,0,7,0.40,3.0
2026-06-16 11:01:51,11050,0.851834,0.851834,0.873441,0.967919,1.371382,0,7,0.40,3.0
2026-06-16 11:01:51,11051,0.897708,0.897708,0.883148,0.967919,1.371382,0,7,0.40,3.0
2026-06-16 11:01:51,11052,0.884082,0.884082,0.883521,0.967919,1.371382,0,7,0.40,3.0
2026-06-16 11:01:51,11053,0.881179,0.881179,0.882584,0.967919,1.371382,0,7,0.40,3.0
2026-06-16 11:01:51,11054,0.874716,0.874716,0.879437,0.967919,1.371382,0,7,0.40,3.0
2026-06-16 11:01:51,11055,0.868077,0.868077,0.874893,0.967919,1.371382,0,7,0.40,3.0
2026-06-16 11:01:51,11056,0.863344,0.863344,0.870273,0.967919,1.371382,0,7,0.40,3.0
2026-06-16 11:01:51,11057,0.860065,0.860065,0.866190,0.967919,1.371382,0,7,0.40,3.0
2026-06-16 11:01:51,11058,0.859187,0.859187,0.863389,0.967919,1.371382,0,7,0.40,3.0
2026-06-16 11:01:51,11059,0.856962,0.856962,0.860818,0.967919,1.371382,0,7,0.40,3.0
2026-06-16 11:01:51,11060,0.858928,0.858928,0.860062,0.967919,1.371382,0,7,0.40,3.0
2026-06-16 11:01:51,11061,0.860092,0.860092,0.860074,0.967919,1.371382,0,7,0.40,3.0
2026-06-16 11:01:51,11062,0.861805,0.861805,0.860766,0.967919,1.371382,0,7,0.40,3.0
2026-06-16 11:01:51,11063,0.862905,0.862905,0.861622,1.371382,1.550699,0,7,0.40,3.0
2026-06-16 11:01:52,11064,0.861758,0.861758,0.861676,1.371382,1.550699,0,7,0.40,3.0
2026-06-16 11:01:52,11065,0.864185,0.864185,0.862680,1.371382,1.550699,0,7,0.40,3.0
2026-06-16 11:01:52,11066,0.867080,0.867080,0.864440,1.371382,1.550699,0,7,0.40,3.0
2026-06-16 11:01:52,11067,0.868001,0.868001,0.865864,1.371382,1.550699,0,7,0.40,3.0
2026-06-16 11:01:52,11068,0.870271,0.870271,0.867627,1.371382,1.550699,0,7,0.40,3.0
2026-06-16 11:01:52,11069,0.874456,0.874456,0.870359,1.371382,1.550699,0,7,0.40,3.0
2026-06-16 11:01:52,11070,0.880158,0.880158,0.874278,1.371382,1.550699,0,7,0.40,3.0
2026-06-16 11:01:52,11071,0.882972,0.882972,0.877756,1.371382,1.550699,0,7,0.40,3.0
2026-06-16 11:01:52,11072,0.875379,0.875379,0.876805,1.371382,1.550699,0,7,0.40,3.0
2026-06-16 11:01:52,11073,0.872473,0.872473,0.875072,1.371382,1.550699,0,7,0.40,3.0
2026-06-16 11:01:52,11074,0.871730,0.871730,0.873735,1.371382,1.550699,0,7,0.40,3.0
2026-06-16 11:01:52,11075,0.871360,0.871360,0.872785,1.371382,1.550699,0,7,0.40,3.0
2026-06-16 11:01:52,11076,0.876560,0.876560,0.874295,1.371382,1.550699,0,7,0.40,3.0
2026-06-16 11:01:52,11077,0.881355,0.881355,0.877119,1.012748,1.371382,0,7,0.40,3.0
2026-06-16 11:01:52,11078,0.882421,0.882421,0.879240,1.371382,1.550699,0,7,0.40,3.0
2026-06-16 11:01:52,11079,0.877967,0.877967,0.878731,1.371382,1.550699,0,7,0.40,3.0
2026-06-16 11:01:52,11080,0.875827,0.875827,0.877569,1.371382,1.550699,0,7,0.40,3.0
2026-06-16 11:01:52,11081,0.876114,0.876114,0.876987,1.371382,1.550699,0,7,0.40,3.0
2026-06-16 11:01:52,11082,0.874446,0.874446,0.875971,1.371382,1.550699,0,7,0.40,3.0
2026-06-16 11:01:52,11083,0.874281,0.874281,0.875295,1.371382,1.550699,0,7,0.40,3.0
2026-06-16 11:01:52,11084,0.870961,0.870961,0.873561,1.192065,1.371382,0,7,0.40,3.0
2026-06-16 11:01:53,11085,0.866739,0.866739,0.870832,1.192065,1.371382,0,7,0.40,3.0
2026-06-16 11:01:53,11086,0.864770,0.864770,0.868407,1.012748,1.371382,0,7,0.40,3.0
2026-06-16 11:01:53,11087,0.865485,0.865485,0.867238,1.192065,1.371382,0,7,0.40,3.0
2026-06-16 11:01:53,11088,0.866861,0.866861,0.867087,1.192065,1.371382,0,7,0.40,3.0
2026-06-16 11:01:53,11089,0.867842,0.867842,0.867389,1.371382,1.550699,0,7,0.40,3.0
2026-06-16 11:01:53,11090,0.866421,0.866421,0.867002,1.192065,1.371382,0,7,0.40,3.0
2026-06-16 11:01:53,11091,0.865221,0.865221,0.866290,1.012748,1.371382,0,7,0.40,3.0
2026-06-16 11:01:53,11092,0.862920,0.862920,0.864942,1.371382,1.550699,0,7,0.40,3.0
2026-06-16 11:01:53,11093,0.861977,0.861977,0.863756,1.371382,1.550699,0,7,0.40,3.0
2026-06-16 11:01:53,11094,0.860120,0.860120,0.862302,1.371382,1.550699,0,7,0.40,3.0
2026-06-16 11:01:53,11095,0.857219,0.857219,0.860269,1.371382,1.550699,0,7,0.40,3.0
2026-06-16 11:01:53,11096,0.854281,0.854281,0.857874,1.371382,1.550699,0,7,0.40,3.0
2026-06-16 11:01:53,11097,0.854481,0.854481,0.856517,1.371382,1.550699,0,7,0.40,3.0
2026-06-16 11:01:53,11098,0.855382,0.855382,0.856063,1.371382,1.550699,0,7,0.40,3.0
2026-06-16 11:01:53,11099,0.855363,0.855363,0.855783,0.967919,1.371382,0,7,0.40,3.0
2026-06-16 11:01:53,11100,0.853678,0.853678,0.854941,0.967919,1.371382,0,7,0.40,3.0
2026-06-16 11:01:53,11101,0.850705,0.850705,0.853247,1.371382,1.550699,0,7,0.40,3.0
2026-06-16 11:01:53,11102,0.863816,0.863816,0.857474,1.371382,1.550699,0,7,0.40,3.0
2026-06-16 11:01:53,11103,0.866601,0.866601,0.861125,1.371382,1.550699,0,7,0.40,3.0
2026-06-16 11:01:53,11104,0.869338,0.869338,0.864410,1.371382,1.550699,0,7,0.40,3.0
2026-06-16 11:01:54,11105,0.876170,0.876170,0.869114,1.371382,1.550699,0,7,0.40,3.0
2026-06-16 11:01:54,11106,1.178486,0.866601,0.868109,1.371382,1.550699,1,7,0.40,3.0
2026-06-16 11:01:54,11107,0.861927,0.861927,0.865636,1.371382,1.550699,0,7,0.40,3.0
2026-06-16 11:01:54,11108,0.869345,0.869345,0.867120,1.371382,1.550699,0,7,0.40,3.0
2026-06-16 11:01:54,11109,0.873339,0.873339,0.869607,1.371382,1.550699,0,7,0.40,3.0
2026-06-16 11:01:54,11110,0.874844,0.874844,0.871702,1.371382,1.550699,0,7,0.40,3.0
2026-06-16 11:01:54,11111,0.875725,0.875725,0.873311,1.371382,1.550699,0,7,0.40,3.0
2026-06-16 11:01:54,11112,0.879163,0.879163,0.875652,1.371382,1.550699,0,7,0.40,3.0
2026-06-16 11:01:54,11113,0.876706,0.876706,0.876074,1.371382,1.550699,0,7,0.40,3.0
2026-06-16 11:01:54,11114,0.875563,0.875563,0.875869,1.371382,1.550699,0,7,0.40,3.0
2026-06-16 11:01:54,11115,0.868338,0.868338,0.872857,1.371382,1.550699,0,7,0.40,3.0
2026-06-16 11:01:54,11116,0.861249,0.861249,0.868214,1.371382,1.550699,0,7,0.40,3.0
2026-06-16 11:01:54,11117,0.860613,0.860613,0.865173,1.371382,1.550699,0,7,0.40,3.0
2026-06-16 11:01:54,11118,0.863596,0.863596,0.864542,1.371382,1.550699,0,7,0.40,3.0
2026-06-16 11:01:54,11119,0.866535,0.866535,0.865339,1.371382,1.550699,0,7,0.40,3.0
2026-06-16 11:01:54,11120,0.856460,0.856460,0.861788,1.371382,1.550699,0,7,0.40,3.0
2026-06-16 11:01:54,11121,0.848411,0.848411,0.856437,1.371382,1.550699,0,7,0.40,3.0
2026-06-16 11:01:54,11122,0.848758,0.848758,0.853365,1.371382,1.550699,0,7,0.40,3.0
2026-06-16 11:01:54,11123,0.849597,0.849597,0.851858,1.371382,1.550699,0,7,0.40,3.0
2026-06-16 11:01:54,11124,0.846756,0.846756,0.849817,1.371382,1.550699,0,7,0.40,3.0
2026-06-16 11:01:54,11125,0.847606,0.847606,0.848933,1.371382,1.550699,0,7,0.40,3.0
2026-06-16 11:01:55,11126,0.847878,0.847878,0.848511,1.371382,1.550699,0,7,0.40,3.0
2026-06-16 11:01:55,11127,0.853176,0.853176,0.850377,1.371382,1.550699,0,7,0.40,3.0
2026-06-16 11:01:55,11128,0.851689,0.851689,0.850902,1.371382,1.550699,0,7,0.40,3.0
2026-06-16 11:01:55,11129,0.855572,0.855572,0.852770,1.371382,1.550699,0,7,0.40,3.0
2026-06-16 11:01:55,11130,0.966698,0.851689,0.852338,1.371382,1.550699,1,7,0.40,3.0
2026-06-16 11:01:55,11131,0.856417,0.856417,0.853969,0.967919,1.371382,0,7,0.40,3.0
2026-06-16 11:01:55,11132,0.858456,0.858456,0.855764,1.371382,1.550699,0,7,0.40,3.0
2026-06-16 11:01:55,11133,0.862372,0.862372,0.858407,1.371382,1.550699,0,7,0.40,3.0
2026-06-16 11:01:55,11134,0.864165,0.864165,0.860710,1.371382,1.550699,0,7,0.40,3.0
2026-06-16 11:01:55,11135,0.867849,0.867849,0.863566,1.371382,1.550699,0,7,0.40,3.0
2026-06-16 11:01:55,11136,0.870421,0.870421,0.866308,1.371382,1.550699,0,7,0.40,3.0
2026-06-16 11:01:55,11137,0.872221,0.872221,0.868673,1.371382,1.550699,0,7,0.40,3.0
2026-06-16 11:01:55,11138,0.872800,0.872800,0.870324,1.371382,1.550699,0,7,0.40,3.0
2026-06-16 11:01:55,11139,0.872281,0.872281,0.871107,1.371382,1.550699,0,7,0.40,3.0
2026-06-16 11:01:55,11140,0.871034,0.871034,0.871078,1.371382,1.550699,0,7,0.40,3.0
2026-06-16 11:01:55,11141,0.863706,0.863706,0.868129,1.371382,1.550699,0,7,0.40,3.0
2026-06-16 11:01:55,11142,0.864596,0.864596,0.866716,1.371382,1.550699,0,7,0.40,3.0
2026-06-16 11:01:55,11143,0.865359,0.865359,0.866173,1.371382,1.550699,0,7,0.40,3.0
2026-06-16 11:01:55,11144,0.863485,0.863485,0.865098,1.371382,1.550699,0,7,0.40,3.0
2026-06-16 11:01:55,11145,0.863745,0.863745,0.864557,1.371382,1.550699,0,7,0.40,3.0
2026-06-16 11:01:56,11146,0.866112,0.866112,0.865179,1.371382,1.550699,0,7,0.40,3.0
2026-06-16 11:01:56,11147,0.867116,0.867116,0.865954,1.371382,1.550699,0,7,0.40,3.0
2026-06-16 11:01:56,11148,0.869176,0.869176,0.867243,1.371382,1.550699,0,7,0.40,3.0
2026-06-16 11:01:56,11149,0.871193,0.871193,0.868823,1.371382,1.550699,0,7,0.40,3.0
2026-06-16 11:01:56,11150,0.870585,0.870585,0.869528,1.371382,1.550699,0,7,0.40,3.0
2026-06-16 11:01:56,11151,0.871367,0.871367,0.870263,1.371382,1.550699,0,7,0.40,3.0
2026-06-16 11:01:56,11152,0.871144,0.871144,0.870616,1.371382,1.550699,0,7,0.40,3.0
2026-06-16 11:01:56,11153,0.869107,0.869107,0.870012,1.371382,1.550699,0,7,0.40,3.0
2026-06-16 11:01:56,11154,0.867810,0.867810,0.869131,1.371382,1.550699,0,7,0.40,3.0
2026-06-16 11:01:56,11155,0.866123,0.866123,0.867928,1.371382,1.550699,0,7,0.40,3.0
2026-06-16 11:01:56,11156,0.865438,0.865438,0.866932,1.371382,1.550699,0,7,0.40,3.0
2026-06-16 11:01:56,11157,0.854221,0.854221,0.861848,1.371382,1.550699,0,7,0.40,3.0
2026-06-16 11:01:56,11158,0.871589,0.871589,0.865744,1.371382,1.550699,0,7,0.40,3.0
2026-06-16 11:01:56,11159,0.872606,0.872606,0.868489,1.371382,1.550699,0,7,0.40,3.0
2026-06-16 11:01:56,11160,0.873400,0.873400,0.870453,1.371382,1.550699,0,7,0.40,3.0
2026-06-16 11:01:56,11161,1.181358,0.871589,0.870908,1.371382,1.550699,1,7,0.40,3.0
2026-06-16 11:01:56,11162,0.861765,0.861765,0.867251,1.371382,1.550699,0,7,0.40,3.0
2026-06-16 11:01:56,11163,0.860873,0.860873,0.864700,1.371382,1.550699,0,7,0.40,3.0
2026-06-16 11:01:56,11164,0.857972,0.857972,0.862009,1.371382,1.550699,0,7,0.40,3.0
2026-06-16 11:01:56,11165,0.858016,0.858016,0.860412,1.371382,1.550699,0,7,0.40,3.0
2026-06-16 11:01:56,11166,0.858226,0.858226,0.859537,1.371382,1.550699,0,7,0.40,3.0
2026-06-16 11:01:57,11167,0.858443,0.858443,0.859100,1.371382,1.550699,0,7,0.40,3.0
2026-06-16 11:01:57,11168,0.855839,0.855839,0.857795,1.371382,1.550699,0,7,0.40,3.0
2026-06-16 11:01:57,11169,0.854964,0.854964,0.856663,1.371382,1.550699,0,7,0.40,3.0
2026-06-16 11:01:57,11170,0.854581,0.854581,0.855830,1.371382,1.550699,0,7,0.40,3.0
2026-06-16 11:01:57,11171,0.857179,0.857179,0.856370,1.371382,1.550699,0,7,0.40,3.0
2026-06-16 11:01:57,11172,0.856064,0.856064,0.856247,0.967919,1.371382,0,7,0.40,3.0
2026-06-16 11:01:57,11173,0.856671,0.856671,0.856417,0.967919,1.371382,0,7,0.40,3.0
2026-06-16 11:01:57,11174,0.858590,0.858590,0.857286,0.967919,1.371382,0,7,0.40,3.0
2026-06-16 11:01:57,11175,0.858523,0.858523,0.857781,0.967919,1.371382,0,7,0.40,3.0
2026-06-16 11:01:57,11176,0.860352,0.860352,0.858809,0.967919,1.371382,0,7,0.40,3.0
2026-06-16 11:01:57,11177,0.860806,0.860806,0.859608,0.967919,1.371382,0,7,0.40,3.0
2026-06-16 11:01:57,11178,0.860937,0.860937,0.860140,1.371382,1.550699,0,7,0.40,3.0
2026-06-16 11:01:57,11179,0.858943,0.858943,0.859661,1.371382,1.550699,0,7,0.40,3.0
2026-06-16 11:01:57,11180,0.857355,0.857355,0.858739,0.967919,1.371382,0,7,0.40,3.0
2026-06-16 11:01:57,11181,0.855249,0.855249,0.857343,1.371382,1.550699,0,7,0.40,3.0
2026-06-16 11:01:57,11182,0.912811,0.860352,0.858546,1.371382,1.550699,1,7,0.40,3.0
2026-06-16 11:01:57,11183,0.906131,0.860806,0.859450,1.371382,1.550699,1,7,0.40,3.0
2026-06-16 11:01:57,11184,0.903681,0.860937,0.860045,1.371382,1.550699,1,7,0.40,3.0
2026-06-16 11:01:57,11185,0.861038,0.861038,0.860442,1.371382,1.550699,0,7,0.40,3.0
2026-06-16 11:01:57,11186,0.859047,0.859047,0.859884,1.371382,1.550699,0,7,0.40,3.0
2026-06-16 11:01:58,11187,0.856311,0.856311,0.858455,1.371382,1.550699,0,7,0.40,3.0
2026-06-16 11:01:58,11188,0.854603,0.854603,0.856914,1.371382,1.550699,0,7,0.40,3.0
2026-06-16 11:01:58,11189,0.853937,0.853937,0.855723,1.371382,1.550699,0,7,0.40,3.0
2026-06-16 11:01:58,11190,0.853559,0.853559,0.854858,1.371382,1.550699,0,7,0.40,3.0
2026-06-16 11:01:58,11191,0.852165,0.852165,0.853781,0.923090,1.371382,0,7,0.40,3.0
2026-06-16 11:01:58,11192,0.851542,0.851542,0.852885,0.923090,1.371382,0,7,0.40,3.0
2026-06-16 11:01:58,11193,0.851440,0.851440,0.852307,0.923090,1.371382,0,7,0.40,3.0
2026-06-16 11:01:58,11194,0.852630,0.852630,0.852436,0.967919,1.371382,0,7,0.40,3.0
2026-06-16 11:01:58,11195,0.853487,0.853487,0.852857,0.967919,1.371382,0,7,0.40,3.0
2026-06-16 11:01:58,11196,0.854815,0.854815,0.853640,0.967919,1.371382,0,7,0.40,3.0
2026-06-16 11:01:58,11197,0.854111,0.854111,0.853828,0.967919,1.371382,0,7,0.40,3.0
2026-06-16 11:01:58,11198,0.850850,0.850850,0.852637,0.967919,1.371382,0,7,0.40,3.0
2026-06-16 11:01:58,11199,0.849948,0.849948,0.851561,0.967919,1.371382,0,7,0.40,3.0
2026-06-16 11:01:58,11200,0.975318,0.853487,0.852332,1.371382,1.550699,1,7,0.40,3.0
2026-06-16 11:01:58,11201,0.861993,0.861993,0.856196,0.967919,1.371382,0,7,0.40,3.0
2026-06-16 11:01:58,11202,0.863283,0.863283,0.859031,0.967919,1.371382,0,7,0.40,3.0
2026-06-16 11:01:58,11203,0.863361,0.863361,0.860763,1.371382,1.550699,0,7,0.40,3.0
2026-06-16 11:01:58,11204,0.974481,0.863283,0.861771,1.371382,1.550699,1,7,0.40,3.0
2026-06-16 11:01:58,11205,0.918019,0.918019,0.884270,1.371382,1.550699,0,7,0.40,3.0
2026-06-16 11:01:58,11206,0.977966,0.977966,0.921749,1.371382,1.550699,0,7,0.40,3.0
2026-06-16 11:01:58,11207,0.979410,0.979410,0.944813,1.371382,1.550699,0,7,0.40,3.0
2026-06-16 11:01:59,11208,0.881369,0.881369,0.919435,1.371382,1.550699,0,7,0.40,3.0
2026-06-16 11:01:59,11209,0.877215,0.877215,0.902547,1.371382,1.550699,0,7,0.40,3.0
2026-06-16 11:01:59,11210,0.875245,0.875245,0.891626,1.371382,1.550699,0,7,0.40,3.0
2026-06-16 11:01:59,11211,0.874624,0.874624,0.884825,1.371382,1.550699,0,7,0.40,3.0
2026-06-16 11:01:59,11212,0.874937,0.874937,0.880870,1.371382,1.550699,0,7,0.40,3.0
2026-06-16 11:01:59,11213,0.874876,0.874876,0.878472,1.371382,1.550699,0,7,0.40,3.0
2026-06-16 11:01:59,11214,0.874268,0.874268,0.876791,1.371382,1.550699,0,7,0.40,3.0
2026-06-16 11:01:59,11215,0.874185,0.874185,0.875748,1.371382,1.550699,0,7,0.40,3.0
2026-06-16 11:01:59,11216,0.874660,0.874660,0.875313,1.371382,1.550699,0,7,0.40,3.0
2026-06-16 11:01:59,11217,0.874536,0.874536,0.875002,0.967919,1.371382,0,7,0.40,3.0
2026-06-16 11:01:59,11218,0.874777,0.874777,0.874912,1.371382,1.550699,0,7,0.40,3.0
2026-06-16 11:01:59,11219,0.874462,0.874462,0.874732,1.371382,1.550699,0,7,0.40,3.0
2026-06-16 11:01:59,11220,0.874053,0.874053,0.874460,1.371382,1.550699,0,7,0.40,3.0
2026-06-16 11:01:59,11221,0.873620,0.873620,0.874124,1.371382,1.550699,0,7,0.40,3.0
2026-06-16 11:01:59,11222,0.873725,0.873725,0.873965,1.371382,1.550699,0,7,0.40,3.0
2026-06-16 11:01:59,11223,0.873952,0.873952,0.873960,1.371382,1.550699,0,7,0.40,3.0
2026-06-16 11:01:59,11224,0.874003,0.874003,0.873977,1.371382,1.550699,0,7,0.40,3.0
2026-06-16 11:01:59,11225,0.873540,0.873540,0.873802,1.371382,1.550699,0,7,0.40,3.0
2026-06-16 11:01:59,11226,0.874074,0.874074,0.873911,1.371382,1.550699,0,7,0.40,3.0
2026-06-16 11:01:59,11227,0.874463,0.874463,0.874132,1.371382,1.550699,0,7,0.40,3.0
2026-06-16 11:02:00,11228,0.875412,0.875412,0.874644,1.371382,1.550699,0,7,0.40,3.0
2026-06-16 11:02:00,11229,0.875446,0.875446,0.874965,1.371382,1.550699,0,7,0.40,3.0
2026-06-16 11:02:00,11230,0.875316,0.875316,0.875105,1.371382,1.550699,0,7,0.40,3.0
2026-06-16 11:02:00,11231,0.876484,0.876484,0.875657,1.371382,1.550699,0,7,0.40,3.0
2026-06-16 11:02:00,11232,0.876125,0.876125,0.875844,1.371382,1.550699,0,7,0.40,3.0
2026-06-16 11:02:00,11233,0.874918,0.874918,0.875474,1.371382,1.550699,0,7,0.40,3.0
2026-06-16 11:02:00,11234,0.874448,0.874448,0.875063,1.371382,1.550699,0,7,0.40,3.0
2026-06-16 11:02:00,11235,0.874446,0.874446,0.874816,1.371382,1.550699,0,7,0.40,3.0
2026-06-16 11:02:00,11236,0.873944,0.873944,0.874467,1.371382,1.550699,0,7,0.40,3.0
2026-06-16 11:02:00,11237,0.874642,0.874642,0.874537,1.371382,1.550699,0,7,0.40,3.0
2026-06-16 11:02:00,11238,0.873809,0.873809,0.874246,1.371382,1.550699,0,7,0.40,3.0
2026-06-16 11:02:00,11239,0.873574,0.873574,0.873977,1.371382,1.550699,0,7,0.40,3.0
2026-06-16 11:02:00,11240,0.873374,0.873374,0.873736,1.371382,1.550699,0,7,0.40,3.0
2026-06-16 11:02:00,11241,0.881984,0.881984,0.877035,1.371382,1.550699,0,7,0.40,3.0
2026-06-16 11:02:00,11242,0.896870,0.873944,0.875799,1.371382,1.550699,1,7,0.40,3.0
2026-06-16 11:02:00,11243,0.856468,0.873809,0.875003,1.371382,1.550699,1,7,0.40,3.0
2026-06-16 11:02:01,11244,1.182828,0.873809,0.874525,1.371382,1.550699,1,7,0.40,3.0
2026-06-16 11:02:01,11245,0.866410,0.866410,0.871279,1.371382,1.550699,0,7,0.40,3.0
2026-06-16 11:02:01,11246,0.865166,0.865166,0.868834,1.371382,1.550699,0,7,0.40,3.0
2026-06-16 11:02:01,11247,0.865968,0.865968,0.867688,1.371382,1.550699,0,7,0.40,3.0
2026-06-16 11:02:01,11248,0.868903,0.868903,0.868174,1.371382,1.550699,0,7,0.40,3.0
2026-06-16 11:02:01,11249,0.869574,0.869574,0.868734,1.371382,1.550699,0,7,0.40,3.0
2026-06-16 11:02:01,11250,0.870464,0.870464,0.869426,1.371382,1.550699,0,7,0.40,3.0
2026-06-16 11:02:01,11251,0.870237,0.870237,0.869750,1.371382,1.550699,0,7,0.40,3.0
2026-06-16 11:02:01,11252,0.871003,0.871003,0.870251,1.371382,1.550699,0,7,0.40,3.0
2026-06-16 11:02:01,11253,0.872840,0.872840,0.871287,1.371382,1.550699,0,7,0.40,3.0
2026-06-16 11:02:01,11254,0.877103,0.877103,0.873613,1.371382,1.550699,0,7,0.40,3.0
2026-06-16 11:02:01,11255,0.877118,0.877118,0.875015,1.371382,1.550699,0,7,0.40,3.0
2026-06-16 11:02:01,11256,0.876924,0.876924,0.875779,1.371382,1.550699,0,7,0.40,3.0
2026-06-16 11:02:01,11257,0.873027,0.873027,0.874678,1.371382,1.550699,0,7,0.40,3.0
2026-06-16 11:02:01,11258,0.870570,0.870570,0.873035,1.371382,1.550699,0,7,0.40,3.0
2026-06-16 11:02:01,11259,0.867874,0.867874,0.870970,1.371382,1.550699,0,7,0.40,3.0
2026-06-16 11:02:01,11260,0.866699,0.866699,0.869262,1.371382,1.550699,0,7,0.40,3.0
2026-06-16 11:02:01,11261,0.866164,0.866164,0.868023,1.012748,1.371382,0,7,0.40,3.0
2026-06-16 11:02:01,11262,0.867128,0.867128,0.867665,1.012748,1.371382,0,7,0.40,3.0
2026-06-16 11:02:01,11263,0.870099,0.870099,0.868639,1.012748,1.371382,0,7,0.40,3.0
2026-06-16 11:02:01,11264,0.872618,0.872618,0.870230,1.012748,1.371382,0,7,0.40,3.0
2026-06-16 11:02:02,11265,0.873729,0.873729,0.871630,1.012748,1.371382,0,7,0.40,3.0
2026-06-16 11:02:02,11266,0.872846,0.872846,0.872116,1.371382,1.550699,0,7,0.40,3.0
2026-06-16 11:02:02,11267,0.870368,0.870368,0.871417,1.371382,1.550699,0,7,0.40,3.0
2026-06-16 11:02:02,11268,0.869044,0.869044,0.870468,1.371382,1.550699,0,7,0.40,3.0
2026-06-16 11:02:02,11269,0.867261,0.867261,0.869185,1.371382,1.550699,0,7,0.40,3.0
2026-06-16 11:02:02,11270,0.867278,0.867278,0.868422,1.371382,1.550699,0,7,0.40,3.0
2026-06-16 11:02:02,11271,0.866652,0.866652,0.867714,1.371382,1.550699,0,7,0.40,3.0
2026-06-16 11:02:02,11272,0.865550,0.865550,0.866848,1.371382,1.550699,0,7,0.40,3.0
2026-06-16 11:02:02,11273,0.864570,0.864570,0.865937,1.371382,1.550699,0,7,0.40,3.0
2026-06-16 11:02:02,11274,0.865301,0.865301,0.865683,1.371382,1.550699,0,7,0.40,3.0
2026-06-16 11:02:02,11275,0.867307,0.867307,0.866332,1.371382,1.550699,0,7,0.40,3.0
2026-06-16 11:02:02,11276,0.866944,0.866944,0.866577,1.371382,1.550699,0,7,0.40,3.0
2026-06-16 11:02:02,11277,0.867221,0.867221,0.866835,1.371382,1.550699,0,7,0.40,3.0
2026-06-16 11:02:02,11278,0.866283,0.866283,0.866614,1.371382,1.550699,0,7,0.40,3.0
2026-06-16 11:02:02,11279,0.865909,0.865909,0.866332,1.371382,1.550699,0,7,0.40,3.0
2026-06-16 11:02:02,11280,0.865248,0.865248,0.865898,1.371382,1.550699,0,7,0.40,3.0
2026-06-16 11:02:02,11281,0.864743,0.864743,0.865436,1.371382,1.550699,0,7,0.40,3.0
2026-06-16 11:02:02,11282,0.865480,0.865480,0.865454,1.371382,1.550699,0,7,0.40,3.0
2026-06-16 11:02:02,11283,0.867362,0.867362,0.866217,1.371382,1.550699,0,7,0.40,3.0
2026-06-16 11:02:02,11284,0.869937,0.869937,0.867705,1.371382,1.550699,0,7,0.40,3.0
2026-06-16 11:02:03,11285,0.984929,0.865909,0.866987,1.371382,1.550699,1,7,0.40,3.0
2026-06-16 11:02:03,11286,0.866256,0.866256,0.866694,1.371382,1.550699,0,7,0.40,3.0
2026-06-16 11:02:03,11287,0.871165,0.871165,0.868483,1.371382,1.550699,0,7,0.40,3.0
2026-06-16 11:02:03,11288,0.886312,0.886312,0.875614,1.371382,1.550699,0,7,0.40,3.0
2026-06-16 11:02:03,11289,0.890495,0.890495,0.881567,1.371382,1.550699,0,7,0.40,3.0
2026-06-16 11:02:03,11290,0.877012,0.877012,0.879745,1.371382,1.550699,0,7,0.40,3.0
2026-06-16 11:02:03,11291,0.873291,0.873291,0.877163,1.371382,1.550699,0,7,0.40,3.0
2026-06-16 11:02:03,11292,0.872810,0.872810,0.875422,1.371382,1.550699,0,7,0.40,3.0
2026-06-16 11:02:03,11293,0.870727,0.870727,0.873544,1.371382,1.550699,0,7,0.40,3.0
2026-06-16 11:02:03,11294,1.185705,0.877012,0.874931,1.371382,1.550699,1,7,0.40,3.0
2026-06-16 11:02:03,11295,0.869118,0.869118,0.872606,1.371382,1.550699,0,7,0.40,3.0
2026-06-16 11:02:03,11296,0.869449,0.869449,0.871343,1.371382,1.550699,0,7,0.40,3.0
2026-06-16 11:02:03,11297,0.874963,0.874963,0.872791,1.371382,1.550699,0,7,0.40,3.0
2026-06-16 11:02:03,11298,0.887467,0.887467,0.878661,1.371382,1.550699,0,7,0.40,3.0
2026-06-16 11:02:03,11299,0.897107,0.897107,0.886040,1.371382,1.550699,0,7,0.40,3.0
2026-06-16 11:02:03,11300,0.893240,0.893240,0.888920,1.371382,1.550699,0,7,0.40,3.0
2026-06-16 11:02:03,11301,0.875031,0.875031,0.883364,1.371382,1.550699,0,7,0.40,3.0
2026-06-16 11:02:03,11302,0.864722,0.864722,0.875907,1.371382,1.550699,0,7,0.40,3.0
2026-06-16 11:02:03,11303,0.863012,0.863012,0.870749,1.371382,1.550699,0,7,0.40,3.0
2026-06-16 11:02:03,11304,0.860505,0.860505,0.866652,1.371382,1.550699,0,7,0.40,3.0
2026-06-16 11:02:03,11305,0.847366,0.847366,0.858937,1.371382,1.550699,0,7,0.40,3.0
2026-06-16 11:02:04,11306,0.916420,0.916420,0.881930,0.923090,1.371382,0,7,0.40,3.0
2026-06-16 11:02:04,11307,0.909307,0.909307,0.892881,1.371382,1.550699,0,7,0.40,3.0
2026-06-16 11:02:04,11308,0.905658,0.905658,0.897992,1.371382,1.550699,0,7,0.40,3.0
2026-06-16 11:02:04,11309,0.904269,0.904269,0.900503,1.371382,1.550699,0,7,0.40,3.0
2026-06-16 11:02:04,11310,0.903883,0.903883,0.901855,1.371382,1.550699,0,7,0.40,3.0
2026-06-16 11:02:04,11311,0.902563,0.902563,0.902138,1.371382,1.550699,0,7,0.40,3.0
2026-06-16 11:02:04,11312,0.865753,0.904269,0.902990,1.371382,1.550699,1,7,0.40,3.0
2026-06-16 11:02:04,11313,0.862554,0.903883,0.903347,1.371382,1.550699,1,7,0.40,3.0
2026-06-16 11:02:04,11314,0.905693,0.905693,0.904286,1.371382,1.550699,0,7,0.40,3.0
2026-06-16 11:02:04,11315,0.898565,0.898565,0.901997,1.371382,1.550699,0,7,0.40,3.0
2026-06-16 11:02:04,11316,0.899828,0.899828,0.901130,1.371382,1.550699,0,7,0.40,3.0
2026-06-16 11:02:04,11317,0.904392,0.904392,0.902435,1.371382,1.550699,0,7,0.40,3.0
2026-06-16 11:02:04,11318,0.894946,0.894946,0.899439,1.371382,1.550699,0,7,0.40,3.0
2026-06-16 11:02:04,11319,0.897679,0.897679,0.898735,1.371382,1.550699,0,7,0.40,3.0
2026-06-16 11:02:04,11320,0.893489,0.893489,0.896637,1.371382,1.550699,0,7,0.40,3.0
2026-06-16 11:02:04,11321,0.890427,0.890427,0.894153,1.371382,1.550699,0,7,0.40,3.0
2026-06-16 11:02:04,11322,0.904228,0.904228,0.898183,1.371382,1.550699,0,7,0.40,3.0
2026-06-16 11:02:04,11323,0.858012,0.894946,0.896888,1.371382,1.550699,1,7,0.40,3.0
2026-06-16 11:02:04,11324,0.857017,0.893489,0.895528,1.371382,1.550699,1,7,0.40,3.0
2026-06-16 11:02:04,11325,0.857593,0.857593,0.880354,1.371382,1.550699,0,7,0.40,3.0
2026-06-16 11:02:05,11326,0.859044,0.859044,0.871830,1.371382,1.550699,0,7,0.40,3.0
2026-06-16 11:02:05,11327,0.860752,0.860752,0.867399,1.371382,1.550699,0,7,0.40,3.0
2026-06-16 11:02:05,11328,0.863990,0.863990,0.866035,1.371382,1.550699,0,7,0.40,3.0
2026-06-16 11:02:05,11329,0.867704,0.867704,0.866703,1.371382,1.550699,0,7,0.40,3.0
2026-06-16 11:02:05,11330,0.866265,0.866265,0.866528,1.371382,1.550699,0,7,0.40,3.0
2026-06-16 11:02:05,11331,0.865577,0.865577,0.866147,1.371382,1.550699,0,7,0.40,3.0
2026-06-16 11:02:05,11332,0.863882,0.863882,0.865241,1.371382,1.550699,0,7,0.40,3.0
2026-06-16 11:02:05,11333,0.864252,0.864252,0.864846,1.371382,1.550699,0,7,0.40,3.0
2026-06-16 11:02:05,11334,0.861773,0.861773,0.863617,1.371382,1.550699,0,7,0.40,3.0
2026-06-16 11:02:05,11335,0.862365,0.862365,0.863116,1.371382,1.550699,0,7,0.40,3.0
2026-06-16 11:02:05,11336,0.861506,0.861506,0.862472,1.371382,1.550699,0,7,0.40,3.0
2026-06-16 11:02:05,11337,0.858954,0.858954,0.861065,1.371382,1.550699,0,7,0.40,3.0
2026-06-16 11:02:05,11338,0.858858,0.858858,0.860182,1.371382,1.550699,0,7,0.40,3.0
2026-06-16 11:02:05,11339,0.859900,0.859900,0.860069,1.371382,1.550699,0,7,0.40,3.0
2026-06-16 11:02:05,11340,0.861761,0.861761,0.860746,1.371382,1.550699,0,7,0.40,3.0
2026-06-16 11:02:05,11341,0.864746,0.864746,0.862346,1.371382,1.550699,0,7,0.40,3.0
2026-06-16 11:02:05,11342,0.865227,0.865227,0.863498,1.371382,1.550699,0,7,0.40,3.0
2026-06-16 11:02:05,11343,0.863942,0.863942,0.863676,1.371382,1.550699,0,7,0.40,3.0
2026-06-16 11:02:05,11344,0.863029,0.863029,0.863417,1.371382,1.550699,0,7,0.40,3.0
2026-06-16 11:02:05,11345,0.862439,0.862439,0.863026,1.371382,1.550699,0,7,0.40,3.0
2026-06-16 11:02:05,11346,0.862960,0.862960,0.863000,1.371382,1.550699,0,7,0.40,3.0
2026-06-16 11:02:06,11347,0.863483,0.863483,0.863193,1.371382,1.550699,0,7,0.40,3.0
2026-06-16 11:02:06,11348,0.863687,0.863687,0.863391,1.371382,1.550699,0,7,0.40,3.0
2026-06-16 11:02:06,11349,0.863131,0.863131,0.863287,1.371382,1.550699,0,7,0.40,3.0
2026-06-16 11:02:06,11350,0.862671,0.862671,0.863040,0.967919,1.371382,0,7,0.40,3.0
2026-06-16 11:02:06,11351,0.863922,0.863922,0.863393,1.371382,1.550699,0,7,0.40,3.0
2026-06-16 11:02:06,11352,0.864137,0.864137,0.863691,0.967919,1.371382,0,7,0.40,3.0
2026-06-16 11:02:06,11353,0.865793,0.865793,0.864532,1.371382,1.550699,0,7,0.40,3.0
2026-06-16 11:02:06,11354,0.864356,0.864356,0.864461,0.967919,1.371382,0,7,0.40,3.0
2026-06-16 11:02:06,11355,0.865805,0.865805,0.864999,0.967919,1.371382,0,7,0.40,3.0
2026-06-16 11:02:06,11356,0.865126,0.865126,0.865050,1.371382,1.550699,0,7,0.40,3.0
2026-06-16 11:02:06,11357,0.865075,0.865075,0.865060,0.967919,1.371382,0,7,0.40,3.0
2026-06-16 11:02:06,11358,0.865122,0.865122,0.865085,0.967919,1.371382,0,7,0.40,3.0
2026-06-16 11:02:06,11359,0.864153,0.864153,0.864712,0.967919,1.371382,0,7,0.40,3.0
2026-06-16 11:02:06,11360,0.864283,0.864283,0.864540,0.967919,1.371382,0,7,0.40,3.0
2026-06-16 11:02:06,11361,0.864598,0.864598,0.864563,1.371382,1.550699,0,7,0.40,3.0
2026-06-16 11:02:06,11362,0.867513,0.867513,0.865743,1.371382,1.550699,0,7,0.40,3.0
2026-06-16 11:02:06,11363,0.866687,0.866687,0.866121,1.371382,1.550699,0,7,0.40,3.0
2026-06-16 11:02:06,11364,0.865080,0.865080,0.865704,1.371382,1.550699,0,7,0.40,3.0
2026-06-16 11:02:06,11365,0.864543,0.864543,0.865240,1.371382,1.550699,0,7,0.40,3.0
2026-06-16 11:02:06,11366,0.864497,0.864497,0.864943,1.371382,1.550699,0,7,0.40,3.0
2026-06-16 11:02:07,11367,0.863623,0.863623,0.864415,1.371382,1.550699,0,7,0.40,3.0
2026-06-16 11:02:07,11368,0.863493,0.863493,0.864046,1.371382,1.550699,0,7,0.40,3.0
2026-06-16 11:02:07,11369,0.862451,0.862451,0.863408,1.371382,1.550699,0,7,0.40,3.0
2026-06-16 11:02:07,11370,0.861122,0.861122,0.862494,1.371382,1.550699,0,7,0.40,3.0
2026-06-16 11:02:07,11371,0.860591,0.860591,0.861733,1.371382,1.550699,0,7,0.40,3.0
2026-06-16 11:02:07,11372,0.860991,0.860991,0.861436,1.371382,1.550699,0,7,0.40,3.0
2026-06-16 11:02:07,11373,0.861137,0.861137,0.861316,1.371382,1.550699,0,7,0.40,3.0
2026-06-16 11:02:07,11374,0.863459,0.863459,0.862173,1.371382,1.550699,0,7,0.40,3.0
2026-06-16 11:02:07,11375,0.860871,0.860871,0.861652,1.371382,1.550699,0,7,0.40,3.0
2026-06-16 11:02:07,11376,0.856524,0.856524,0.859601,1.371382,1.550699,0,7,0.40,3.0
2026-06-16 11:02:07,11377,0.963358,0.860991,0.860157,1.371382,1.550699,1,7,0.40,3.0
2026-06-16 11:02:07,11378,0.861094,0.861094,0.860532,1.371382,1.550699,0,7,0.40,3.0
2026-06-16 11:02:07,11379,0.866718,0.866718,0.863006,1.371382,1.550699,0,7,0.40,3.0
2026-06-16 11:02:07,11380,0.867863,0.867863,0.864949,1.371382,1.550699,0,7,0.40,3.0
2026-06-16 11:02:07,11381,0.868183,0.868183,0.866243,1.371382,1.550699,0,7,0.40,3.0
2026-06-16 11:02:07,11382,0.868764,0.868764,0.867251,1.371382,1.550699,0,7,0.40,3.0
2026-06-16 11:02:07,11383,0.868782,0.868782,0.867863,1.371382,1.550699,0,7,0.40,3.0
2026-06-16 11:02:07,11384,1.366058,0.868183,0.867991,1.550699,1.550699,1,7,0.40,3.0
2026-06-16 11:02:07,11385,1.182382,0.868764,0.868300,1.371382,1.550699,1,7,0.40,3.0
2026-06-16 11:02:07,11386,0.883051,0.868782,0.868493,1.371382,1.550699,1,7,0.40,3.0
2026-06-16 11:02:07,11387,0.885922,0.885922,0.875465,1.371382,1.550699,0,7,0.40,3.0
2026-06-16 11:02:08,11388,0.884029,0.884029,0.878890,1.371382,1.550699,0,7,0.40,3.0
2026-06-16 11:02:08,11389,0.882957,0.882957,0.880517,1.371382,1.550699,0,7,0.40,3.0
2026-06-16 11:02:08,11390,0.882869,0.882869,0.881458,1.371382,1.550699,0,7,0.40,3.0
2026-06-16 11:02:08,11391,0.882420,0.882420,0.881843,0.967919,1.371382,0,7,0.40,3.0
2026-06-16 11:02:08,11392,0.881816,0.881816,0.881832,0.967919,1.371382,0,7,0.40,3.0
2026-06-16 11:02:08,11393,0.882419,0.882419,0.882067,0.967919,1.371382,0,7,0.40,3.0
2026-06-16 11:02:08,11394,0.882278,0.882278,0.882151,0.967919,1.371382,0,7,0.40,3.0
2026-06-16 11:02:08,11395,0.882194,0.882194,0.882168,1.371382,1.550699,0,7,0.40,3.0
2026-06-16 11:02:08,11396,0.882462,0.882462,0.882286,1.371382,1.550699,0,7,0.40,3.0
2026-06-16 11:02:08,11397,0.882002,0.882002,0.882172,1.371382,1.550699,0,7,0.40,3.0
2026-06-16 11:02:08,11398,0.882143,0.882143,0.882161,1.371382,1.550699,0,7,0.40,3.0
2026-06-16 11:02:08,11399,0.883610,0.883610,0.882740,1.371382,1.550699,0,7,0.40,3.0
2026-06-16 11:02:08,11400,1.365847,0.882278,0.882555,1.550699,1.550699,1,7,0.40,3.0
2026-06-16 11:02:08,11401,1.365483,0.882462,0.882518,1.550699,1.550699,1,7,0.40,3.0
2026-06-16 11:02:08,11402,1.365416,0.883610,0.882955,1.550699,1.550699,1,7,0.40,3.0
2026-06-16 11:02:08,11403,0.858717,0.858717,0.873260,1.371382,1.550699,0,7,0.40,3.0
2026-06-16 11:02:08,11404,0.857833,0.857833,0.867089,1.371382,1.550699,0,7,0.40,3.0
2026-06-16 11:02:08,11405,0.862251,0.862251,0.865154,1.371382,1.550699,0,7,0.40,3.0
2026-06-16 11:02:08,11406,0.869002,0.869002,0.866693,1.371382,1.550699,0,7,0.40,3.0
2026-06-16 11:02:08,11407,0.871734,0.871734,0.868709,1.371382,1.550699,0,7,0.40,3.0
2026-06-16 11:02:09,11408,0.901861,0.901861,0.881970,1.371382,1.550699,0,7,0.40,3.0
2026-06-16 11:02:09,11409,0.900754,0.900754,0.889484,1.371382,1.550699,0,7,0.40,3.0
2026-06-16 11:02:09,11410,0.902519,0.902519,0.894698,1.371382,1.550699,0,7,0.40,3.0
2026-06-16 11:02:09,11411,0.901820,0.901820,0.897547,1.371382,1.550699,0,7,0.40,3.0
2026-06-16 11:02:09,11412,0.901394,0.901394,0.899086,1.371382,1.550699,0,7,0.40,3.0
2026-06-16 11:02:09,11413,0.899994,0.899994,0.899449,1.371382,1.550699,0,7,0.40,3.0
2026-06-16 11:02:09,11414,0.898861,0.898861,0.899214,1.371382,1.550699,0,7,0.40,3.0
2026-06-16 11:02:09,11415,0.899700,0.899700,0.899408,1.371382,1.550699,0,7,0.40,3.0
2026-06-16 11:02:09,11416,0.900949,0.900949,0.900025,1.371382,1.550699,0,7,0.40,3.0
2026-06-16 11:02:09,11417,0.900100,0.900100,0.900055,1.371382,1.550699,0,7,0.40,3.0
2026-06-16 11:02:09,11418,0.901200,0.901200,0.900513,1.371382,1.550699,0,7,0.40,3.0
2026-06-16 11:02:09,11419,0.900801,0.900801,0.900628,1.371382,1.550699,0,7,0.40,3.0
2026-06-16 11:02:09,11420,0.900591,0.900591,0.900613,1.371382,1.550699,0,7,0.40,3.0
2026-06-16 11:02:09,11421,0.899959,0.899959,0.900352,0.967919,1.371382,0,7,0.40,3.0
2026-06-16 11:02:09,11422,0.899071,0.899071,0.899839,0.967919,1.371382,0,7,0.40,3.0
2026-06-16 11:02:09,11423,0.898115,0.898115,0.899150,0.967919,1.371382,0,7,0.40,3.0
2026-06-16 11:02:09,11424,0.894896,0.894896,0.897448,0.967919,1.371382,0,7,0.40,3.0
2026-06-16 11:02:09,11425,0.860991,0.899071,0.898097,1.371382,1.550699,1,7,0.40,3.0
2026-06-16 11:02:09,11426,1.365447,0.899071,0.898487,1.550699,1.550699,1,7,0.40,3.0
2026-06-16 11:02:09,11427,0.888885,0.888885,0.894646,1.371382,1.550699,0,7,0.40,3.0
2026-06-16 11:02:10,11428,0.885466,0.885466,0.890974,1.371382,1.550699,0,7,0.40,3.0
2026-06-16 11:02:10,11429,0.894135,0.894135,0.892238,1.371382,1.550699,0,7,0.40,3.0
2026-06-16 11:02:10,11430,0.906585,0.906585,0.897977,1.371382,1.550699,0,7,0.40,3.0
2026-06-16 11:02:10,11431,0.909763,0.909763,0.902691,1.371382,1.550699,0,7,0.40,3.0
2026-06-16 11:02:10,11432,0.903160,0.903160,0.902879,1.371382,1.550699,0,7,0.40,3.0
2026-06-16 11:02:10,11433,0.867200,0.867200,0.888607,1.371382,1.550699,0,7,0.40,3.0
2026-06-16 11:02:10,11434,0.858682,0.858682,0.876637,1.102407,1.371382,0,7,0.40,3.0
2026-06-16 11:02:10,11435,0.855506,0.855506,0.868185,1.371382,1.550699,0,7,0.40,3.0
2026-06-16 11:02:10,11436,0.856169,0.856169,0.863378,1.371382,1.550699,0,7,0.40,3.0
2026-06-16 11:02:10,11437,0.856432,0.856432,0.860600,1.371382,1.550699,0,7,0.40,3.0
2026-06-16 11:02:10,11438,0.855156,0.855156,0.858422,1.371382,1.550699,0,7,0.40,3.0
2026-06-16 11:02:10,11439,0.855760,0.855760,0.857357,1.371382,1.550699,0,7,0.40,3.0
2026-06-16 11:02:10,11440,0.856038,0.856038,0.856830,1.102407,1.371382,0,7,0.40,3.0
2026-06-16 11:02:10,11441,0.858062,0.858062,0.857323,1.371382,1.550699,0,7,0.40,3.0
2026-06-16 11:02:10,11442,0.866006,0.866006,0.860796,1.102407,1.371382,0,7,0.40,3.0
2026-06-16 11:02:10,11443,0.871566,0.871566,0.865104,1.371382,1.550699,0,7,0.40,3.0
2026-06-16 11:02:10,11444,0.870044,0.870044,0.867080,1.371382,1.550699,0,7,0.40,3.0
2026-06-16 11:02:11,11445,0.868310,0.868310,0.867572,0.967919,1.371382,0,7,0.40,3.0
2026-06-16 11:02:11,11446,0.865609,0.865609,0.866787,0.967919,1.371382,0,7,0.40,3.0
2026-06-16 11:02:11,11447,0.859383,0.859383,0.863825,1.371382,1.550699,0,7,0.40,3.0
2026-06-16 11:02:11,11448,0.860441,0.860441,0.862472,1.371382,1.550699,0,7,0.40,3.0
2026-06-16 11:02:11,11449,0.861976,0.861976,0.862273,1.371382,1.550699,0,7,0.40,3.0
2026-06-16 11:02:11,11450,0.860669,0.860669,0.861632,1.371382,1.550699,0,7,0.40,3.0
2026-06-16 11:02:11,11451,0.869342,0.869342,0.864716,1.371382,1.550699,0,7,0.40,3.0
2026-06-16 11:02:11,11452,0.866300,0.866300,0.865349,1.371382,1.550699,0,7,0.40,3.0
2026-06-16 11:02:11,11453,0.867059,0.867059,0.866033,1.371382,1.550699,0,7,0.40,3.0
2026-06-16 11:02:11,11454,0.868082,0.868082,0.866853,1.371382,1.550699,0,7,0.40,3.0
2026-06-16 11:02:11,11455,0.867750,0.867750,0.867212,1.371382,1.550699,0,7,0.40,3.0
2026-06-16 11:02:11,11456,0.866815,0.866815,0.867053,1.371382,1.550699,0,7,0.40,3.0
2026-06-16 11:02:11,11457,0.865929,0.865929,0.866603,1.371382,1.550699,0,7,0.40,3.0
2026-06-16 11:02:11,11458,0.864888,0.864888,0.865917,1.371382,1.550699,0,7,0.40,3.0
2026-06-16 11:02:11,11459,0.861498,0.861498,0.864150,1.371382,1.550699,0,7,0.40,3.0
2026-06-16 11:02:11,11460,0.855854,0.855854,0.860831,1.371382,1.550699,0,7,0.40,3.0
2026-06-16 11:02:11,11461,0.858794,0.858794,0.860016,1.371382,1.550699,0,7,0.40,3.0
2026-06-16 11:02:11,11462,0.859576,0.859576,0.859840,1.371382,1.550699,0,7,0.40,3.0
2026-06-16 11:02:11,11463,0.856844,0.856844,0.858642,1.371382,1.550699,0,7,0.40,3.0
2026-06-16 11:02:11,11464,0.853097,0.853097,0.856424,1.371382,1.550699,0,7,0.40,3.0
2026-06-16 11:02:12,11465,0.854306,0.854306,0.855577,1.371382,1.550699,0,7,0.40,3.0
2026-06-16 11:02:12,11466,0.856323,0.856323,0.855875,1.371382,1.550699,0,7,0.40,3.0
2026-06-16 11:02:12,11467,0.850638,0.850638,0.853780,0.967919,1.371382,0,7,0.40,3.0
2026-06-16 11:02:12,11468,0.872509,0.872509,0.861272,0.967919,1.371382,0,7,0.40,3.0
2026-06-16 11:02:12,11469,0.878008,0.878008,0.867966,0.967919,1.371382,0,7,0.40,3.0
2026-06-16 11:02:12,11470,0.872671,0.872671,0.869848,0.967919,1.371382,0,7,0.40,3.0
2026-06-16 11:02:12,11471,0.868883,0.868883,0.869462,0.967919,1.371382,0,7,0.40,3.0
2026-06-16 11:02:12,11472,0.841937,0.841937,0.858452,1.371382,1.550699,0,7,0.40,3.0
2026-06-16 11:02:12,11473,0.871256,0.871256,0.863574,1.371382,1.550699,0,7,0.40,3.0
2026-06-16 11:02:12,11474,0.881539,0.881539,0.870760,1.371382,1.550699,0,7,0.40,3.0
2026-06-16 11:02:12,11475,0.889108,0.889108,0.878099,1.371382,1.550699,0,7,0.40,3.0
2026-06-16 11:02:12,11476,0.860220,0.860220,0.870947,1.371382,1.550699,0,7,0.40,3.0
2026-06-16 11:02:12,11477,0.874091,0.874091,0.872205,1.371382,1.550699,0,7,0.40,3.0
2026-06-16 11:02:12,11478,0.879451,0.879451,0.875103,1.371382,1.550699,0,7,0.40,3.0
2026-06-16 11:02:12,11479,0.881081,0.881081,0.877494,1.371382,1.550699,0,7,0.40,3.0
2026-06-16 11:02:12,11480,0.882491,0.882491,0.879493,1.371382,1.550699,0,7,0.40,3.0
2026-06-16 11:02:12,11481,0.885138,0.885138,0.881751,1.371382,1.550699,0,7,0.40,3.0
2026-06-16 11:02:12,11482,0.833338,0.879451,0.880831,1.371382,1.550699,1,7,0.40,3.0
2026-06-16 11:02:12,11483,0.836554,0.879451,0.880279,1.371382,1.550699,1,7,0.40,3.0
2026-06-16 11:02:12,11484,0.837906,0.879451,0.879948,1.371382,1.550699,1,7,0.40,3.0
2026-06-16 11:02:12,11485,0.894454,0.894454,0.885750,1.371382,1.550699,0,7,0.40,3.0
2026-06-16 11:02:13,11486,0.890759,0.890759,0.887754,1.371382,1.550699,0,7,0.40,3.0
2026-06-16 11:02:13,11487,0.832401,0.832401,0.865613,1.371382,1.550699,0,7,0.40,3.0
2026-06-16 11:02:13,11488,0.831535,0.831535,0.851982,0.967919,1.371382,0,7,0.40,3.0
2026-06-16 11:02:13,11489,0.831624,0.831624,0.843839,0.967919,1.371382,0,7,0.40,3.0
2026-06-16 11:02:13,11490,0.831602,0.831602,0.838944,0.967919,1.371382,0,7,0.40,3.0
2026-06-16 11:02:13,11491,0.889455,0.832401,0.836327,0.967919,1.371382,1,7,0.40,3.0
2026-06-16 11:02:13,11492,0.892038,0.832401,0.834756,0.967919,1.371382,1,7,0.40,3.0
2026-06-16 11:02:13,11493,0.890898,0.832401,0.833814,0.967919,1.371382,1,7,0.40,3.0
2026-06-16 11:02:13,11494,0.829959,0.829959,0.832272,1.102407,1.371382,0,7,0.40,3.0
2026-06-16 11:02:13,11495,0.829950,0.829950,0.831343,1.371382,1.550699,0,7,0.40,3.0
2026-06-16 11:02:13,11496,0.874188,0.874188,0.848481,1.371382,1.550699,0,7,0.40,3.0
2026-06-16 11:02:13,11497,0.876662,0.876662,0.859754,1.371382,1.550699,0,7,0.40,3.0
2026-06-16 11:02:13,11498,0.870001,0.870001,0.863853,1.371382,1.550699,0,7,0.40,3.0
2026-06-16 11:02:13,11499,0.860652,0.860652,0.862572,1.371382,1.550699,0,7,0.40,3.0
2026-06-16 11:02:13,11500,0.847219,0.847219,0.856431,1.371382,1.550699,0,7,0.40,3.0
2026-06-16 11:02:13,11501,0.891277,0.891277,0.870369,1.371382,1.550699,0,7,0.40,3.0
2026-06-16 11:02:13,11502,0.871405,0.871405,0.870784,0.967919,1.371382,0,7,0.40,3.0
2026-06-16 11:02:13,11503,0.859884,0.859884,0.866424,1.371382,1.550699,0,7,0.40,3.0
2026-06-16 11:02:13,11504,0.857180,0.857180,0.862726,1.371382,1.550699,0,7,0.40,3.0
2026-06-16 11:02:13,11505,0.854014,0.854014,0.859241,1.371382,1.550699,0,7,0.40,3.0
2026-06-16 11:02:14,11506,0.869523,0.869523,0.863354,1.371382,1.550699,0,7,0.40,3.0
2026-06-16 11:02:14,11507,0.867334,0.867334,0.864946,1.371382,1.550699,0,7,0.40,3.0
2026-06-16 11:02:14,11508,0.863117,0.863117,0.864214,1.371382,1.550699,0,7,0.40,3.0
2026-06-16 11:02:14,11509,0.858351,0.858351,0.861869,1.371382,1.550699,0,7,0.40,3.0
2026-06-16 11:02:14,11510,0.855625,0.855625,0.859371,1.371382,1.550699,0,7,0.40,3.0
2026-06-16 11:02:14,11511,0.856085,0.856085,0.858057,1.371382,1.550699,0,7,0.40,3.0
2026-06-16 11:02:14,11512,0.858599,0.858599,0.858274,1.371382,1.550699,0,7,0.40,3.0
2026-06-16 11:02:14,11513,0.862747,0.862747,0.860063,1.371382,1.550699,0,7,0.40,3.0
2026-06-16 11:02:14,11514,0.863304,0.863304,0.861359,1.371382,1.550699,0,7,0.40,3.0
2026-06-16 11:02:14,11515,0.862872,0.862872,0.861964,1.371382,1.550699,0,7,0.40,3.0
2026-06-16 11:02:14,11516,0.862325,0.862325,0.862109,1.371382,1.550699,0,7,0.40,3.0
2026-06-16 11:02:14,11517,0.862270,0.862270,0.862173,1.371382,1.550699,0,7,0.40,3.0
2026-06-16 11:02:14,11518,0.862166,0.862166,0.862170,1.371382,1.550699,0,7,0.40,3.0
2026-06-16 11:02:14,11519,0.863029,0.863029,0.862514,1.371382,1.550699,0,7,0.40,3.0
2026-06-16 11:02:14,11520,0.860087,0.860087,0.861543,1.371382,1.550699,0,7,0.40,3.0
2026-06-16 11:02:14,11521,0.859715,0.859715,0.860812,1.371382,1.550699,0,7,0.40,3.0
2026-06-16 11:02:14,11522,0.853673,0.853673,0.857956,1.371382,1.550699,0,7,0.40,3.0
2026-06-16 11:02:14,11523,0.848091,0.848091,0.854010,1.371382,1.550699,0,7,0.40,3.0
2026-06-16 11:02:14,11524,0.846010,0.846010,0.850810,1.371382,1.550699,0,7,0.40,3.0
2026-06-16 11:02:14,11525,0.846032,0.846032,0.848899,1.371382,1.550699,0,7,0.40,3.0
2026-06-16 11:02:14,11526,0.846295,0.846295,0.847857,1.371382,1.550699,0,7,0.40,3.0
2026-06-16 11:02:15,11527,0.847341,0.847341,0.847651,1.371382,1.550699,0,7,0.40,3.0
2026-06-16 11:02:15,11528,0.849374,0.849374,0.848340,1.371382,1.550699,0,7,0.40,3.0
2026-06-16 11:02:15,11529,0.852211,0.852211,0.849888,1.371382,1.550699,0,7,0.40,3.0
2026-06-16 11:02:15,11530,0.854819,0.854819,0.851861,1.371382,1.550699,0,7,0.40,3.0
2026-06-16 11:02:15,11531,0.855262,0.855262,0.853221,1.371382,1.550699,0,7,0.40,3.0
2026-06-16 11:02:15,11532,0.853349,0.853349,0.853272,1.371382,1.550699,0,7,0.40,3.0
2026-06-16 11:02:15,11533,0.855429,0.855429,0.854135,1.371382,1.550699,0,7,0.40,3.0
2026-06-16 11:02:15,11534,0.860934,0.860934,0.856855,1.371382,1.550699,0,7,0.40,3.0
2026-06-16 11:02:15,11535,0.853302,0.853302,0.855434,1.371382,1.550699,0,7,0.40,3.0
2026-06-16 11:02:15,11536,0.845354,0.845354,0.851402,0.923090,1.371382,0,7,0.40,3.0
2026-06-16 11:02:15,11537,0.844771,0.844771,0.848749,1.371382,1.550699,0,7,0.40,3.0
2026-06-16 11:02:15,11538,0.857895,0.857895,0.852408,1.371382,1.550699,0,7,0.40,3.0
2026-06-16 11:02:15,11539,0.863348,0.863348,0.856784,1.371382,1.550699,0,7,0.40,3.0
2026-06-16 11:02:15,11540,0.865841,0.865841,0.860407,1.371382,1.550699,0,7,0.40,3.0
2026-06-16 11:02:15,11541,0.866366,0.866366,0.862790,1.371382,1.550699,0,7,0.40,3.0
2026-06-16 11:02:15,11542,0.867859,0.867859,0.864818,1.371382,1.550699,0,7,0.40,3.0
2026-06-16 11:02:15,11543,0.865220,0.865220,0.864979,1.371382,1.550699,0,7,0.40,3.0
2026-06-16 11:02:15,11544,0.847392,0.847392,0.857944,1.371382,1.550699,0,7,0.40,3.0
2026-06-16 11:02:15,11545,0.835764,0.865220,0.860854,1.371382,1.550699,1,7,0.40,3.0
2026-06-16 11:02:15,11546,0.834113,0.865220,0.862601,1.371382,1.550699,1,7,0.40,3.0
2026-06-16 11:02:16,11547,0.846404,0.846404,0.856122,1.371382,1.550699,0,7,0.40,3.0
2026-06-16 11:02:16,11548,0.870986,0.870986,0.862068,1.371382,1.550699,0,7,0.40,3.0
2026-06-16 11:02:16,11549,0.872119,0.872119,0.866088,1.371382,1.550699,0,7,0.40,3.0
2026-06-16 11:02:16,11550,0.873332,0.873332,0.868986,1.371382,1.550699,0,7,0.40,3.0
2026-06-16 11:02:16,11551,0.871751,0.871751,0.870092,1.371382,1.550699,0,7,0.40,3.0
2026-06-16 11:02:16,11552,0.873068,0.873068,0.871282,1.371382,1.550699,0,7,0.40,3.0
2026-06-16 11:02:16,11553,0.873459,0.873459,0.872153,1.371382,1.550699,0,7,0.40,3.0
2026-06-16 11:02:16,11554,0.873804,0.873804,0.872813,1.371382,1.550699,0,7,0.40,3.0
2026-06-16 11:02:16,11555,0.873873,0.873873,0.873237,1.371382,1.550699,0,7,0.40,3.0
2026-06-16 11:02:16,11556,0.873828,0.873828,0.873474,1.371382,1.550699,0,7,0.40,3.0
2026-06-16 11:02:16,11557,0.873872,0.873872,0.873633,1.371382,1.550699,0,7,0.40,3.0
2026-06-16 11:02:16,11558,0.873218,0.873218,0.873467,1.371382,1.550699,0,7,0.40,3.0
2026-06-16 11:02:16,11559,0.872916,0.872916,0.873247,1.371382,1.550699,0,7,0.40,3.0
2026-06-16 11:02:16,11560,0.873282,0.873282,0.873261,1.371382,1.550699,0,7,0.40,3.0
2026-06-16 11:02:16,11561,0.873374,0.873374,0.873306,1.371382,1.550699,0,7,0.40,3.0
2026-06-16 11:02:16,11562,0.873699,0.873699,0.873463,1.371382,1.550699,0,7,0.40,3.0
2026-06-16 11:02:16,11563,0.873710,0.873710,0.873562,1.371382,1.550699,0,7,0.40,3.0
2026-06-16 11:02:16,11564,0.873765,0.873765,0.873643,1.371382,1.550699,0,7,0.40,3.0
2026-06-16 11:02:16,11565,0.873991,0.873991,0.873782,1.371382,1.550699,0,7,0.40,3.0
2026-06-16 11:02:16,11566,0.874298,0.874298,0.873989,1.371382,1.550699,0,7,0.40,3.0
2026-06-16 11:02:16,11567,0.874866,0.874866,0.874340,1.371382,1.550699,0,7,0.40,3.0
2026-06-16 11:02:17,11568,0.874616,0.874616,0.874450,1.371382,1.550699,0,7,0.40,3.0
2026-06-16 11:02:17,11569,0.874386,0.874386,0.874424,1.371382,1.550699,0,7,0.40,3.0
2026-06-16 11:02:17,11570,0.874433,0.874433,0.874428,1.371382,1.550699,0,7,0.40,3.0
2026-06-16 11:02:17,11571,0.873802,0.873802,0.874178,1.371382,1.550699,0,7,0.40,3.0
2026-06-16 11:02:17,11572,0.873695,0.873695,0.873985,1.371382,1.550699,0,7,0.40,3.0
2026-06-16 11:02:17,11573,0.874312,0.874312,0.874116,1.371382,1.550699,0,7,0.40,3.0
2026-06-16 11:02:17,11574,0.874592,0.874592,0.874306,1.371382,1.550699,0,7,0.40,3.0
2026-06-16 11:02:17,11575,0.874531,0.874531,0.874396,1.371382,1.550699,0,7,0.40,3.0
2026-06-16 11:02:17,11576,0.875012,0.875012,0.874642,1.371382,1.550699,0,7,0.40,3.0
2026-06-16 11:02:17,11577,0.875136,0.875136,0.874840,1.371382,1.550699,0,7,0.40,3.0
2026-06-16 11:02:17,11578,0.874605,0.874605,0.874746,1.371382,1.550699,0,7,0.40,3.0
2026-06-16 11:02:17,11579,0.875981,0.875981,0.875240,1.371382,1.550699,0,7,0.40,3.0
2026-06-16 11:02:17,11580,0.874469,0.874469,0.874932,1.371382,1.550699,0,7,0.40,3.0
2026-06-16 11:02:17,11581,0.875152,0.875152,0.875020,1.371382,1.550699,0,7,0.40,3.0
2026-06-16 11:02:17,11582,0.875241,0.875241,0.875108,1.371382,1.550699,0,7,0.40,3.0
2026-06-16 11:02:17,11583,0.874887,0.874887,0.875020,1.371382,1.550699,0,7,0.40,3.0
2026-06-16 11:02:18,11584,0.874685,0.874685,0.874886,1.371382,1.550699,0,7,0.40,3.0
2026-06-16 11:02:18,11585,0.875373,0.875373,0.875081,1.371382,1.550699,0,7,0.40,3.0
2026-06-16 11:02:18,11586,0.875591,0.875591,0.875285,1.371382,1.550699,0,7,0.40,3.0
2026-06-16 11:02:18,11587,0.874910,0.874910,0.875135,1.371382,1.550699,0,7,0.40,3.0
2026-06-16 11:02:18,11588,0.875717,0.875717,0.875368,0.967919,1.371382,0,7,0.40,3.0
2026-06-16 11:02:18,11589,0.876210,0.876210,0.875705,0.967919,1.371382,0,7,0.40,3.0
2026-06-16 11:02:18,11590,0.877279,0.877279,0.876334,0.967919,1.371382,0,7,0.40,3.0
2026-06-16 11:02:18,11591,0.876935,0.876935,0.876575,0.967919,1.371382,0,7,0.40,3.0
2026-06-16 11:02:18,11592,0.877002,0.877002,0.876746,0.967919,1.371382,0,7,0.40,3.0
